-- phpMyAdmin SQL Dump
-- version 4.7.7
-- https://www.phpmyadmin.net/
--
-- Host: localhost:3306
-- Generation Time: Sep 11, 2018 at 12:26 PM
-- Server version: 5.6.39-cll-lve
-- PHP Version: 5.6.30

SET SQL_MODE = "NO_AUTO_VALUE_ON_ZERO";
SET AUTOCOMMIT = 0;
START TRANSACTION;
SET time_zone = "+00:00";


/*!40101 SET @OLD_CHARACTER_SET_CLIENT=@@CHARACTER_SET_CLIENT */;
/*!40101 SET @OLD_CHARACTER_SET_RESULTS=@@CHARACTER_SET_RESULTS */;
/*!40101 SET @OLD_COLLATION_CONNECTION=@@COLLATION_CONNECTION */;
/*!40101 SET NAMES utf8mb4 */;

--
-- Database: `cartumo`
--

-- --------------------------------------------------------

--
-- Table structure for table `admins`
--

CREATE TABLE `admins` (
  `id` int(10) UNSIGNED NOT NULL,
  `name` varchar(191) COLLATE utf8mb4_unicode_ci NOT NULL,
  `email` varchar(191) COLLATE utf8mb4_unicode_ci NOT NULL,
  `password` varchar(191) COLLATE utf8mb4_unicode_ci NOT NULL,
  `remember_token` varchar(100) COLLATE utf8mb4_unicode_ci DEFAULT NULL,
  `created_at` timestamp NULL DEFAULT NULL,
  `updated_at` timestamp NULL DEFAULT NULL
) ENGINE=InnoDB DEFAULT CHARSET=utf8mb4 COLLATE=utf8mb4_unicode_ci;

--
-- Dumping data for table `admins`
--

INSERT INTO `admins` (`id`, `name`, `email`, `password`, `remember_token`, `created_at`, `updated_at`) VALUES
(1, 'Sourav Chakraborty', 'chakraborty.education@gmail.com', '$2y$10$OR.JbxNNMV5obpupUfVKa.FeW2aNQeK/8gFLYq4bVGmfO0YJ69JSe', 'tU1NbN592dIOUel2kOIEjEwaWkPCyGNlQBolzSp4nGLB6usnKwdAlAsz8rRA', '2018-07-07 22:46:16', '2018-07-07 22:46:16'),
(2, 'Jafar Rizvi', 'jafar@inubaan.com', '$2y$10$Vso4j8IcG3T2A1w6AEWmQujGbS7lAEzqSjPt02rGxxCgwoWHDKtgq', 'yCgpQ7SnoaLnf3OOYFTDlD9f1iRqJ8FWXyg5nWoMDI0WtmqR2DnIAcZoc8kh', '2018-08-31 07:00:00', '2018-08-31 07:00:00');

-- --------------------------------------------------------

--
-- Table structure for table `admin_payment_gateways`
--

CREATE TABLE `admin_payment_gateways` (
  `id` int(10) UNSIGNED NOT NULL,
  `admin_id` int(11) NOT NULL,
  `type` varchar(191) COLLATE utf8mb4_unicode_ci NOT NULL,
  `details` text COLLATE utf8mb4_unicode_ci NOT NULL,
  `created_at` timestamp NULL DEFAULT NULL,
  `updated_at` timestamp NULL DEFAULT NULL
) ENGINE=InnoDB DEFAULT CHARSET=utf8mb4 COLLATE=utf8mb4_unicode_ci;

--
-- Dumping data for table `admin_payment_gateways`
--

INSERT INTO `admin_payment_gateways` (`id`, `admin_id`, `type`, `details`, `created_at`, `updated_at`) VALUES
(1, 1, 'stripe', '{\"title\":\"Stripe Payment\",\"secret_key\":\"sk_live_FiDNHd20CFQZyJ9EsMELDVid\",\"publishable_key\":\"pk_live_tfBRF6fKKUkU3Q1IjHAjNDOC\"}', '2018-07-27 23:54:26', '2018-07-27 23:54:26');

-- --------------------------------------------------------

--
-- Table structure for table `affiliate_profiles`
--

CREATE TABLE `affiliate_profiles` (
  `id` int(11) NOT NULL,
  `user_id` int(11) NOT NULL,
  `affiliate_id` varchar(191) DEFAULT NULL,
  `settings` text,
  `address` text,
  `payments` text,
  `user_settings` text,
  `created_at` timestamp NULL DEFAULT NULL,
  `updated_at` timestamp NULL DEFAULT NULL
) ENGINE=MyISAM DEFAULT CHARSET=latin1;

--
-- Dumping data for table `affiliate_profiles`
--

INSERT INTO `affiliate_profiles` (`id`, `user_id`, `affiliate_id`, `settings`, `address`, `payments`, `user_settings`, `created_at`, `updated_at`) VALUES
(1, 27, '1536665446', NULL, NULL, NULL, NULL, '2018-09-11 18:30:46', '2018-09-11 18:30:46'),
(2, 28, '1536684285', NULL, NULL, NULL, NULL, '2018-09-11 23:44:45', '2018-09-11 23:44:45'),
(3, 29, '1536689317', NULL, NULL, NULL, NULL, '2018-09-12 01:08:37', '2018-09-12 01:08:37'),
(4, 30, '1536689727', NULL, NULL, NULL, NULL, '2018-09-12 01:15:27', '2018-09-12 01:15:27');

-- --------------------------------------------------------

--
-- Table structure for table `blogs`
--

CREATE TABLE `blogs` (
  `id` int(10) UNSIGNED NOT NULL,
  `user_id` int(11) NOT NULL,
  `title` varchar(191) COLLATE utf8mb4_unicode_ci NOT NULL,
  `description` longtext COLLATE utf8mb4_unicode_ci NOT NULL,
  `image` varchar(191) COLLATE utf8mb4_unicode_ci NOT NULL,
  `status` tinyint(4) NOT NULL,
  `created_at` timestamp NULL DEFAULT NULL,
  `updated_at` timestamp NULL DEFAULT NULL
) ENGINE=InnoDB DEFAULT CHARSET=utf8mb4 COLLATE=utf8mb4_unicode_ci;

-- --------------------------------------------------------

--
-- Table structure for table `blog_categories`
--

CREATE TABLE `blog_categories` (
  `id` int(10) UNSIGNED NOT NULL,
  `name` varchar(191) COLLATE utf8mb4_unicode_ci NOT NULL,
  `created_at` timestamp NULL DEFAULT NULL,
  `updated_at` timestamp NULL DEFAULT NULL
) ENGINE=InnoDB DEFAULT CHARSET=utf8mb4 COLLATE=utf8mb4_unicode_ci;

-- --------------------------------------------------------

--
-- Table structure for table `blog_comments`
--

CREATE TABLE `blog_comments` (
  `id` int(10) UNSIGNED NOT NULL,
  `blog_id` int(11) NOT NULL,
  `user_id` int(11) NOT NULL,
  `sender_name` int(11) NOT NULL,
  `email` int(11) NOT NULL,
  `message` int(11) NOT NULL,
  `created_at` timestamp NULL DEFAULT NULL,
  `updated_at` timestamp NULL DEFAULT NULL
) ENGINE=InnoDB DEFAULT CHARSET=utf8mb4 COLLATE=utf8mb4_unicode_ci;

-- --------------------------------------------------------

--
-- Table structure for table `chat_messengers`
--

CREATE TABLE `chat_messengers` (
  `id` int(10) UNSIGNED NOT NULL,
  `message_from` varchar(191) COLLATE utf8mb4_unicode_ci NOT NULL,
  `message_to` int(11) NOT NULL,
  `message_text` text COLLATE utf8mb4_unicode_ci NOT NULL,
  `is_ip` tinyint(4) NOT NULL,
  `unread_show` tinyint(4) NOT NULL,
  `type` tinyint(4) NOT NULL,
  `status` tinyint(4) NOT NULL,
  `conversation` varchar(191) COLLATE utf8mb4_unicode_ci NOT NULL,
  `created_at` timestamp NULL DEFAULT NULL,
  `updated_at` timestamp NULL DEFAULT NULL
) ENGINE=InnoDB DEFAULT CHARSET=utf8mb4 COLLATE=utf8mb4_unicode_ci;

--
-- Dumping data for table `chat_messengers`
--

INSERT INTO `chat_messengers` (`id`, `message_from`, `message_to`, `message_text`, `is_ip`, `unread_show`, `type`, `status`, `conversation`, `created_at`, `updated_at`) VALUES
(1, '1', 0, 'Hello', 0, 1, 0, 1, '1,0', '2018-07-26 03:18:57', '2018-07-26 03:20:03'),
(2, '0', 1, 'Hello sourav', 0, 1, 1, 1, '1,0', '2018-07-26 03:19:39', '2018-07-26 03:20:03'),
(3, '127.0.0.1', 0, 'Hii', 0, 1, 0, 1, '127.0.0.1,0', '2018-07-26 03:20:11', '2018-08-31 08:54:50'),
(4, '13', 0, 'hey guys, great software!', 0, 1, 0, 1, '13,0', '2018-08-30 12:15:41', '2018-08-30 12:17:17'),
(5, '13', 0, 'my name is Mike', 0, 1, 0, 1, '13,0', '2018-08-30 12:15:45', '2018-08-30 12:17:17'),
(6, '13', 0, 'im from Montreal, Karl gave me the access, i\'ll work on it, get familiar, will make a review for you guys ;)', 0, 1, 0, 1, '13,0', '2018-08-30 12:16:15', '2018-08-30 12:17:17'),
(7, '13', 0, 'also, where clicking on Steps, error page comes out', 0, 1, 0, 1, '13,0', '2018-08-30 12:16:55', '2018-08-30 12:17:17'),
(8, '13', 0, 'i got a picure of it, if you want to see', 0, 1, 0, 1, '13,0', '2018-08-30 12:17:13', '2018-08-30 12:17:17'),
(9, '20', 0, 'Hi please cancel this trial and close a\nccount jesse@threadjunction.com , thank you!', 0, 1, 0, 1, '20,0', '2018-09-05 05:16:47', '2018-09-05 07:01:16'),
(10, '25', 0, 'Hello, please cancel my trial. The tool looks good when it would be finished, but its too unstable for production use, also there are too few Help/tutorials.', 0, 1, 0, 1, '25,0', '2018-09-06 00:10:52', '2018-09-06 04:45:26');

-- --------------------------------------------------------

--
-- Table structure for table `cms_pages`
--

CREATE TABLE `cms_pages` (
  `id` int(10) UNSIGNED NOT NULL,
  `slug` varchar(191) COLLATE utf8mb4_unicode_ci NOT NULL,
  `description` text COLLATE utf8mb4_unicode_ci NOT NULL,
  `created_at` timestamp NULL DEFAULT NULL,
  `updated_at` timestamp NULL DEFAULT NULL
) ENGINE=InnoDB DEFAULT CHARSET=utf8mb4 COLLATE=utf8mb4_unicode_ci;

-- --------------------------------------------------------

--
-- Table structure for table `coupons`
--

CREATE TABLE `coupons` (
  `id` int(10) UNSIGNED NOT NULL,
  `user_id` int(11) NOT NULL,
  `coupon_name` varchar(191) COLLATE utf8mb4_unicode_ci NOT NULL,
  `coupon_code` varchar(191) COLLATE utf8mb4_unicode_ci NOT NULL,
  `discount` double NOT NULL,
  `date_start` varchar(191) COLLATE utf8mb4_unicode_ci NOT NULL,
  `date_end` varchar(191) COLLATE utf8mb4_unicode_ci NOT NULL,
  `status` tinyint(4) NOT NULL,
  `created_at` timestamp NULL DEFAULT NULL,
  `updated_at` timestamp NULL DEFAULT NULL
) ENGINE=InnoDB DEFAULT CHARSET=utf8mb4 COLLATE=utf8mb4_unicode_ci;

--
-- Dumping data for table `coupons`
--

INSERT INTO `coupons` (`id`, `user_id`, `coupon_name`, `coupon_code`, `discount`, `date_start`, `date_end`, `status`, `created_at`, `updated_at`) VALUES
(1, 1, '10% Discount On purchase', '123456', 10, '19/07/2018', '21/07/2018', 1, '2018-07-19 08:22:21', '2018-07-19 08:22:21'),
(2, 2, '10% Discount', '123456', 10, '21/07/2018', '28/07/2018', 1, '2018-07-20 22:13:10', '2018-07-20 22:13:10'),
(3, 7, 'FREE Shipping', 'FreeShip2018', 10, '13/08/2018', '13/08/2018', 1, '2018-08-14 04:38:46', '2018-08-14 04:38:46'),
(4, 17, '50% Off', 'CRAZYDEMODISCOUNT', 50, '06/09/2018', '06/09/2018', 1, '2018-09-07 05:32:33', '2018-09-07 05:32:33');

-- --------------------------------------------------------

--
-- Table structure for table `developers`
--

CREATE TABLE `developers` (
  `id` int(10) UNSIGNED NOT NULL,
  `name` varchar(191) COLLATE utf8mb4_unicode_ci NOT NULL,
  `email` varchar(191) COLLATE utf8mb4_unicode_ci NOT NULL,
  `password` varchar(191) COLLATE utf8mb4_unicode_ci NOT NULL,
  `remember_token` varchar(100) COLLATE utf8mb4_unicode_ci DEFAULT NULL,
  `status` tinyint(1) NOT NULL DEFAULT '1',
  `created_at` timestamp NULL DEFAULT NULL,
  `updated_at` timestamp NULL DEFAULT NULL
) ENGINE=InnoDB DEFAULT CHARSET=utf8mb4 COLLATE=utf8mb4_unicode_ci;

--
-- Dumping data for table `developers`
--

INSERT INTO `developers` (`id`, `name`, `email`, `password`, `remember_token`, `status`, `created_at`, `updated_at`) VALUES
(1, 'Sourav Chakraborty', 'chakraborty.education@gmail.com', '$2y$10$YCAjdkc7dsK/.AjgaZtUBu03oV1RgGZAFp23js2OHNPPi6yFgB6XC', 'G5cjLxVKCRz6wb70swPdDaPKvCAmYBwwe2EMBDtzK6hXIyCuxmEGyh6fkMyO', 1, '2018-07-07 22:45:04', '2018-07-08 08:52:21'),
(5, 'Sumit Chakraborty', 'iamsourav.thedeveloper@gmail.com', '$2y$10$i0ZiU5FMxwaQ7yKI8w1B1OoT75uVUeola3HPGBpIFprkxOSJBFpi.', '0TewMzFrLoe5hPGYNGTsex4nh26MlipOxZgHvBVrlQRwm3vzVm2W2Nc9ddEy', 1, '2018-07-08 09:01:11', '2018-07-08 09:17:35'),
(6, 'Binay Pathak', 'binay.pathal@gmail.com', '$2y$10$1b/XUUV97/u87DKeRuSUqOq4sSisg4lLdRJbjGWdLluSSHmZAPLty', NULL, 1, '2018-07-20 20:03:37', '2018-07-20 20:03:37'),
(7, 'Karl Reyes', 'hello@livebestconsulting.com', '$2y$10$gxRlFQ0ckMHoL/OLW1Pm7.ERHH6ZUtIqTS1QlYwqqr2lE4qIVV0IC', 'kX5VLEdDODoK8WQYhx6v3BzFvv5xik4zJsgTsdJLQpaJiivgqQzXlS0a0skF', 1, '2018-09-01 07:01:52', '2018-09-01 07:01:52'),
(8, 'Jafar Rizvi', 'jafar@inubaan.com', '$2y$10$jt3tt0ZKjnIDOCAArogayulS8L2SHPeuNVpYlO5PujKWE5Fr3703m', NULL, 1, '2018-09-01 07:02:54', '2018-09-01 07:02:54');

-- --------------------------------------------------------

--
-- Table structure for table `developer_galleries`
--

CREATE TABLE `developer_galleries` (
  `id` int(10) UNSIGNED NOT NULL,
  `developer_id` int(11) NOT NULL,
  `path` text COLLATE utf8mb4_unicode_ci NOT NULL,
  `image_type` varchar(191) COLLATE utf8mb4_unicode_ci NOT NULL DEFAULT 'gallery',
  `status` tinyint(4) NOT NULL,
  `created_at` timestamp NULL DEFAULT NULL,
  `updated_at` timestamp NULL DEFAULT NULL
) ENGINE=InnoDB DEFAULT CHARSET=utf8mb4 COLLATE=utf8mb4_unicode_ci;

--
-- Dumping data for table `developer_galleries`
--

INSERT INTO `developer_galleries` (`id`, `developer_id`, `path`, `image_type`, `status`, `created_at`, `updated_at`) VALUES
(2, 1, '1532421276.jpeg', 'gallery', 1, '2018-07-24 03:04:36', '2018-07-24 03:04:36'),
(3, 1, '1532422308.jpeg', 'gallery', 1, '2018-07-24 03:21:48', '2018-07-24 03:21:48'),
(6, 6, '1532432695.jpeg', 'gallery', 1, '2018-07-24 06:14:55', '2018-07-24 06:14:55'),
(7, 6, '1532432929.jpeg', 'gallery', 1, '2018-07-24 06:18:49', '2018-07-24 06:18:49'),
(8, 1, '1532932858.jpeg', 'gallery', 1, '2018-07-30 13:40:58', '2018-07-30 13:40:58'),
(9, 1, '1533176201.png', 'gallery', 1, '2018-08-02 09:16:41', '2018-08-02 09:16:41'),
(10, 7, '1535821477.png', 'gallery', 1, '2018-09-02 00:04:37', '2018-09-02 00:04:37'),
(11, 7, '1535821502.jpg', 'gallery', 1, '2018-09-02 00:05:02', '2018-09-02 00:05:02'),
(12, 7, '1535821508.jpg', 'gallery', 1, '2018-09-02 00:05:08', '2018-09-02 00:05:08'),
(13, 7, '1535821515.JPG', 'gallery', 1, '2018-09-02 00:05:15', '2018-09-02 00:05:15'),
(14, 7, '1535821592.jpg', 'gallery', 1, '2018-09-02 00:06:32', '2018-09-02 00:06:32'),
(15, 7, '1535821597.jpg', 'gallery', 1, '2018-09-02 00:06:37', '2018-09-02 00:06:37'),
(16, 7, '1535821603.JPG', 'gallery', 1, '2018-09-02 00:06:43', '2018-09-02 00:06:43'),
(17, 7, '1535821610.jpg', 'gallery', 1, '2018-09-02 00:06:50', '2018-09-02 00:06:50'),
(18, 7, '1535821614.jpg', 'gallery', 1, '2018-09-02 00:06:54', '2018-09-02 00:06:54'),
(19, 7, '1535821656.jpg', 'gallery', 1, '2018-09-02 00:07:36', '2018-09-02 00:07:36'),
(20, 7, '1535821762.png', 'gallery', 1, '2018-09-02 00:09:22', '2018-09-02 00:09:22'),
(21, 7, '1535823506.png', 'gallery', 1, '2018-09-02 00:38:26', '2018-09-02 00:38:26');

-- --------------------------------------------------------

--
-- Table structure for table `faqs`
--

CREATE TABLE `faqs` (
  `id` int(10) UNSIGNED NOT NULL,
  `question` int(11) NOT NULL,
  `answer` text COLLATE utf8mb4_unicode_ci NOT NULL,
  `created_at` timestamp NULL DEFAULT NULL,
  `updated_at` timestamp NULL DEFAULT NULL
) ENGINE=InnoDB DEFAULT CHARSET=utf8mb4 COLLATE=utf8mb4_unicode_ci;

-- --------------------------------------------------------

--
-- Table structure for table `feature_upgrads`
--

CREATE TABLE `feature_upgrads` (
  `id` int(10) UNSIGNED NOT NULL,
  `name` varchar(191) COLLATE utf8mb4_unicode_ci NOT NULL,
  `type` varchar(191) COLLATE utf8mb4_unicode_ci NOT NULL,
  `details` text COLLATE utf8mb4_unicode_ci NOT NULL,
  `status` tinyint(4) NOT NULL,
  `created_at` timestamp NULL DEFAULT NULL,
  `updated_at` timestamp NULL DEFAULT NULL
) ENGINE=InnoDB DEFAULT CHARSET=utf8mb4 COLLATE=utf8mb4_unicode_ci;

-- --------------------------------------------------------

--
-- Table structure for table `funnels`
--

CREATE TABLE `funnels` (
  `id` int(10) UNSIGNED NOT NULL,
  `user_id` int(11) NOT NULL,
  `name` varchar(191) COLLATE utf8mb4_unicode_ci NOT NULL,
  `slug` varchar(191) COLLATE utf8mb4_unicode_ci NOT NULL,
  `type` varchar(191) COLLATE utf8mb4_unicode_ci NOT NULL,
  `payment_gateway` varchar(191) COLLATE utf8mb4_unicode_ci NOT NULL,
  `allow_service` varchar(191) COLLATE utf8mb4_unicode_ci DEFAULT '0',
  `archived` tinyint(1) NOT NULL DEFAULT '0',
  `marketplace` tinyint(1) NOT NULL DEFAULT '0',
  `created_at` timestamp NULL DEFAULT NULL,
  `updated_at` timestamp NULL DEFAULT NULL
) ENGINE=InnoDB DEFAULT CHARSET=utf8mb4 COLLATE=utf8mb4_unicode_ci;

--
-- Dumping data for table `funnels`
--

INSERT INTO `funnels` (`id`, `user_id`, `name`, `slug`, `type`, `payment_gateway`, `allow_service`, `archived`, `marketplace`, `created_at`, `updated_at`) VALUES
(2, 1, 'New', 'new', 'manual', 'both', NULL, 0, 0, '2018-07-08 03:51:47', '2018-07-19 06:11:11'),
(3, 1, 'Shoban Shop', 'shoban-shop', 'shopify', 'both', NULL, 0, 0, '2018-07-19 07:00:35', '2018-07-30 08:40:11'),
(4, 2, 'T-Shirt Funnel', 't-shirt-funnel', 'manual', 'both', NULL, 0, 0, '2018-07-20 20:38:51', '2018-07-20 21:10:14'),
(5, 1, 'TShirt Funnel', 'tshirt-funnel', 'manual', 'both', NULL, 0, 0, '2018-07-23 02:32:08', '2018-09-07 11:17:06'),
(6, 1, 'Basic', 'basic', 'shopify', 'both', NULL, 0, 0, '2018-07-23 07:25:36', '2018-07-22 20:08:28'),
(7, 1, 'Test Funnel', 'test_funnel', 'shopify', 'both', NULL, 1, 0, '2018-07-23 19:26:40', '2018-08-29 10:54:05'),
(11, 5, 'Sajda', 'sajda', 'manual', 'both', NULL, 0, 0, '2018-07-31 05:59:32', '2018-08-16 17:36:37'),
(13, 5, 'Webinar', 'webinar', 'manual', 'both', NULL, 0, 0, '2018-08-04 04:37:45', '2018-08-31 18:07:57'),
(16, 5, 'Affiliate Pages', 'affiliate-pages', 'manual', 'both', NULL, 0, 0, '2018-08-12 21:48:35', '2018-08-22 10:27:52'),
(18, 7, 'RealEstate', 'realestate', 'manual', 'both', NULL, 0, 0, '2018-08-20 08:54:32', '2018-08-20 09:56:54'),
(19, 6, 'Cartumo-Webinar-Signup', 'cartumo_webinar_signup', 'manual', 'both', NULL, 0, 0, '2018-08-21 08:12:57', '2018-08-28 12:50:45'),
(20, 5, 'Sajda', 'sajda_1', 'manual', 'both', NULL, 0, 0, '2018-08-27 11:00:00', '2018-08-27 11:00:46'),
(21, 7, 'Watch', 'watch', 'manual', 'both', NULL, 0, 0, '2018-08-29 05:09:58', '2018-08-28 17:36:16'),
(22, 5, 'Dog Funnel', 'dog-funnel', 'manual', 'both', NULL, 0, 0, '2018-08-29 05:57:01', '2018-09-01 08:07:16'),
(23, 13, 'Refresh', 'refresh', 'manual', 'both', NULL, 0, 0, '2018-08-30 12:14:01', '2018-08-30 12:18:48'),
(25, 6, 'Real estate', 'real_estate', 'manual', 'both', NULL, 0, 0, '2018-08-30 23:08:08', '2018-08-31 05:36:56'),
(26, 17, 'Cartumo Webinar Funnel', 'cartumo-webinar-funnel', 'manual', 'both', NULL, 0, 0, '2018-09-01 01:39:06', '2018-09-01 08:51:06'),
(28, 18, 'Test', 'test_1', 'manual', 'both', NULL, 0, 0, '2018-09-01 06:38:59', '2018-09-06 19:26:35'),
(29, 17, 'Blu-Bay International', 'blu_bay_international', 'manual', 'both', NULL, 0, 0, '2018-09-02 00:02:04', '2018-09-09 14:57:08'),
(30, 17, 'TEST', 'test_2', 'manual', 'both', NULL, 0, 0, '2018-09-02 00:45:03', '2018-09-04 16:04:22'),
(31, 5, 'Real estate', 'real_estate-1535829751', 'manual', 'both', NULL, 0, 0, '2018-09-02 02:22:31', '2018-09-01 14:22:31'),
(32, 5, 'Real estate - DEMO', 'real-estate---demo-1535829857', 'manual', 'both', NULL, 0, 0, '2018-09-02 02:24:17', '2018-09-04 18:26:33'),
(33, 7, 'POD', 'pod', 'manual', 'both', NULL, 0, 0, '2018-09-04 04:54:49', '2018-09-03 16:57:00'),
(34, 17, 'Womens Scarf', 'womens-scarf', 'manual', 'both', NULL, 0, 0, '2018-09-05 05:03:18', '2018-09-05 17:03:04'),
(35, 20, 'RoseGold', 'rosegold', 'shopify', 'both', NULL, 0, 0, '2018-09-05 05:05:10', '2018-09-04 17:06:33'),
(36, 23, 'Fire Ace Tinder', 'fire-ace-tinder', 'shopify', 'both', NULL, 0, 0, '2018-09-05 06:34:42', '2018-09-04 18:38:06'),
(37, 25, 'test', 'test_3', 'shopify', 'both', NULL, 0, 0, '2018-09-06 00:07:37', '2018-09-06 11:58:23'),
(38, 17, 'Course DEMO Funnel', 'course-demo-funnel', 'manual', 'both', NULL, 0, 0, '2018-09-06 21:40:13', '2018-09-06 17:39:44'),
(39, 26, 'P.O.D. Funnel', 'p.o.d.-funnel', 'manual', 'both', NULL, 0, 0, '2018-09-07 04:38:13', '2018-09-07 11:14:40'),
(40, 18, 'Tester 2', 'tester-2', 'manual', 'both', NULL, 0, 0, '2018-09-07 18:10:45', '2018-09-11 12:31:03'),
(41, 5, 'Product Funnel 1', 'product-funnel-1', 'manual', 'both', NULL, 0, 0, '2018-09-07 22:34:42', '2018-09-07 10:50:11'),
(43, 17, 'Amazon Course', 'amazon-course', 'manual', 'both', NULL, 0, 0, '2018-09-10 03:47:58', '2018-09-09 17:38:52'),
(44, 18, 'Test', 'test_5', 'shopify', 'both', NULL, 0, 0, '2018-09-11 19:22:10', '2018-09-11 09:26:03'),
(45, 18, 'Blu-Bay International', 'blu_bay_international-1536672129', 'manual', 'both', NULL, 0, 0, '2018-09-11 20:22:09', '2018-09-11 08:22:09'),
(46, 17, 'Men\'s Watch', 'men\'s-watch', 'manual', 'both', NULL, 0, 0, '2018-09-11 22:42:18', '2018-09-11 11:03:27');

-- --------------------------------------------------------

--
-- Table structure for table `funnel_archives`
--

CREATE TABLE `funnel_archives` (
  `id` int(10) UNSIGNED NOT NULL,
  `funnel_id` int(11) NOT NULL,
  `created_at` timestamp NULL DEFAULT NULL,
  `updated_at` timestamp NULL DEFAULT NULL
) ENGINE=InnoDB DEFAULT CHARSET=utf8mb4 COLLATE=utf8mb4_unicode_ci;

-- --------------------------------------------------------

--
-- Table structure for table `funnel_steps`
--

CREATE TABLE `funnel_steps` (
  `id` int(10) UNSIGNED NOT NULL,
  `funnel_id` int(11) NOT NULL,
  `name` varchar(191) COLLATE utf8mb4_unicode_ci NOT NULL,
  `display_name` varchar(191) COLLATE utf8mb4_unicode_ci NOT NULL,
  `slug` varchar(191) COLLATE utf8mb4_unicode_ci NOT NULL,
  `type` smallint(6) NOT NULL,
  `details` text COLLATE utf8mb4_unicode_ci,
  `order_position` tinyint(4) NOT NULL,
  `created_at` timestamp NULL DEFAULT NULL,
  `updated_at` timestamp NULL DEFAULT NULL
) ENGINE=InnoDB DEFAULT CHARSET=utf8mb4 COLLATE=utf8mb4_unicode_ci;

--
-- Dumping data for table `funnel_steps`
--

INSERT INTO `funnel_steps` (`id`, `funnel_id`, `name`, `display_name`, `slug`, `type`, `details`, `order_position`, `created_at`, `updated_at`) VALUES
(9, 2, 'Product', 'Product Page', 'product-page1531317637', 1, NULL, 0, '2018-07-11 08:30:37', '2018-07-16 20:22:09'),
(10, 2, 'Order', 'Order Page', 'order-page1531326469', 2, NULL, 1, '2018-07-11 10:57:49', '2018-07-16 20:22:10'),
(11, 2, 'Upsell', 'Upsell', 'upsell1531559944', 3, NULL, 3, '2018-07-14 03:49:04', '2018-07-16 21:59:02'),
(12, 2, 'Downsell', 'Downsell Page', 'downsell-page1531562484', 4, NULL, 4, '2018-07-14 04:31:24', '2018-07-14 04:31:24'),
(13, 2, 'Confirmation', 'Thank you', 'thank-you1531562555', 5, NULL, 5, '2018-07-14 04:32:35', '2018-07-14 04:32:35'),
(15, 3, 'Product', 'Product Page', 'product-page1532003446', 1, NULL, 1, '2018-07-19 07:00:46', '2018-07-19 07:00:46'),
(16, 3, 'Order', 'Order page', 'order-page1532005350', 2, NULL, 2, '2018-07-19 07:32:30', '2018-07-19 07:32:30'),
(17, 3, 'Upsell', 'Upsell Page', 'upsell-page1532005385', 3, NULL, 3, '2018-07-19 07:33:05', '2018-07-19 07:33:05'),
(18, 3, 'Downsell', 'Downsell Page', 'downsell-page1532005403', 4, NULL, 4, '2018-07-19 07:33:23', '2018-07-19 07:33:23'),
(19, 3, 'Confirmation', 'Thank you', 'thank-you1532005580', 5, NULL, 5, '2018-07-19 07:36:20', '2018-07-19 07:36:20'),
(20, 4, 'Product', 'Product Page', 'product-page1532138968', 1, NULL, 1, '2018-07-20 20:39:28', '2018-07-20 20:39:28'),
(21, 4, 'Order', 'Order Page', 'order-page1532153966', 2, NULL, 2, '2018-07-21 00:49:26', '2018-07-21 00:49:26'),
(22, 4, 'Upsell', 'Upsell page', 'upsell-page1532156452', 3, NULL, 3, '2018-07-21 01:30:52', '2018-07-21 01:30:52'),
(23, 4, 'Downsell', 'Download Page', 'download-page1532156505', 4, NULL, 4, '2018-07-21 01:31:45', '2018-07-21 01:31:45'),
(24, 4, 'Confirmation', 'Thank you', 'thank-you1532156680', 5, NULL, 5, '2018-07-21 01:34:40', '2018-07-21 01:34:40'),
(25, 5, 'Product', 'Product Page', 'product-page1532336435', 1, NULL, 0, '2018-07-23 03:30:35', '2018-07-26 23:51:00'),
(26, 5, 'Order', 'Order Page', 'order-page1532336470', 2, NULL, 1, '2018-07-23 03:31:10', '2018-07-26 23:51:00'),
(27, 5, 'Upsell', 'Upsell Page', 'upsell-page1532336546', 3, NULL, 3, '2018-07-23 03:32:26', '2018-07-23 03:32:26'),
(28, 5, 'Upsell', 'Upsell Page 2', 'upsell-page-21532336564', 3, NULL, 2, '2018-07-23 03:32:44', '2018-07-26 23:51:00'),
(29, 5, 'Confirmation', 'Thank you', 'thank-you1532336577', 5, NULL, 4, '2018-07-23 03:32:57', '2018-07-26 23:51:00'),
(30, 6, 'Product', 'Product Page', 'product-page1532350577', 1, NULL, 1, '2018-07-23 07:26:17', '2018-07-23 07:26:17'),
(31, 6, 'Order', 'Order Page', 'order-page1532350814', 2, NULL, 2, '2018-07-23 07:30:14', '2018-07-23 07:30:14'),
(33, 7, 'Product', 'Product Page', 'product-page1532422346', 1, NULL, 1, '2018-07-24 03:22:26', '2018-08-05 02:16:30'),
(35, 7, 'Confirmation', 'Confirmation', 'confirmation1532576068', 5, NULL, 3, '2018-07-25 22:04:28', '2018-08-05 02:16:30'),
(42, 11, 'Product', 'SAJDA MAT', 'product-21532991582', 1, NULL, 1, '2018-07-31 05:59:42', '2018-08-04 14:36:05'),
(48, 13, 'Optin', 'optin', 'optin1533332277', 7, '{\"integration\":{\"integration_id\":\"3\",\"list_id\":\"500ba48010\",\"type\":\"mailchimp\",\"name\":\"Cartumo\"}}', 1, '2018-08-04 04:37:57', '2018-08-26 01:16:16'),
(49, 13, 'Confirmation', 'Thank You', 'thank-you1533332407', 5, NULL, 2, '2018-08-04 04:40:07', '2018-08-04 04:40:07'),
(50, 11, 'Order', 'PAYMENT', 'payment1533397104', 2, NULL, 2, '2018-08-04 22:38:24', '2018-08-04 22:38:24'),
(51, 7, 'Order', 'Order Page', 'order-page1533408720', 2, NULL, 2, '2018-08-05 01:52:00', '2018-08-05 02:16:30'),
(52, 7, 'Optin', 'Optin Page', 'optin-page1533410021', 7, NULL, 0, '2018-08-05 02:13:41', '2018-08-05 02:16:30'),
(53, 11, 'Upsell', 'Upsell', 'upsell1533411071', 3, NULL, 3, '2018-08-05 02:31:11', '2018-08-05 02:31:11'),
(54, 11, 'Confirmation', 'Thank You', 'thank-you1533411174', 5, NULL, 4, '2018-08-05 02:32:54', '2018-08-05 02:32:54'),
(59, 16, 'Optin', 'Sales Funnel', 'sales-funnel1534085670', 7, NULL, 1, '2018-08-12 21:54:30', '2018-08-12 21:54:30'),
(65, 16, 'Confirmation', 'Thank You', 'thank-you1534471446', 5, NULL, 2, '2018-08-17 09:04:06', '2018-08-17 09:04:06'),
(66, 18, 'Optin', 'Welcome Page', 'welcome-page1534730089', 7, NULL, 1, '2018-08-20 08:54:49', '2018-08-20 08:54:49'),
(67, 19, 'Optin', 'Cartumo-Webinar-signup', 'test-optin1534814183', 7, '{\"integration\":{\"integration_id\":\"4\",\"list_id\":\"7930f5373a\",\"type\":\"mailchimp\",\"name\":\"Mailchimp\"}}', 0, '2018-08-21 08:16:23', '2018-08-28 21:32:53'),
(68, 19, 'Confirmation', 'Confirmation', 'confirmation1534874899', 5, NULL, 1, '2018-08-22 01:08:19', '2018-08-28 21:37:32'),
(70, 16, 'Optin', 'JV Page', 'jv-page1534904000', 7, NULL, 3, '2018-08-22 09:13:20', '2018-08-22 09:13:20'),
(71, 20, 'Product', 'PRODUCT 1', 'product-11535342409', 1, NULL, 1, '2018-08-27 11:00:09', '2018-08-27 11:00:09'),
(72, 19, 'Optin', 'Cartumo-Webinar-signup', 'cartumo-webinar-signup1535466769', 7, '{\"integration\":{\"integration_id\":\"4\",\"list_id\":\"7930f5373a\",\"type\":\"mailchimp\",\"name\":\"Mailchimp\"}}', 2, '2018-08-28 21:32:49', '2018-08-28 21:37:32'),
(73, 21, 'Product', 'Watch Landing Page', 'watch-landing-page1535494245', 1, NULL, 1, '2018-08-29 05:10:45', '2018-08-29 05:10:45'),
(74, 22, 'Product', 'PRODUCT 1', 'product-11535497047', 1, '{\"integration\":{\"integration_id\":\"3\",\"list_id\":\"583e138e31\",\"type\":\"mailchimp\",\"name\":\"Cartumo\"}}', 1, '2018-08-29 05:57:27', '2018-09-01 08:07:16'),
(76, 7, 'Order', 'Order Page', 'order-page1535514845', 2, NULL, 5, '2018-08-29 10:54:05', '2018-08-29 10:54:05'),
(79, 23, 'Optin', 'Opt In', 'opt-in1535606328', 7, NULL, 1, '2018-08-30 12:18:48', '2018-08-30 12:18:48'),
(85, 25, 'Optin', 'Test', 'test1535645301', 7, NULL, 1, '2018-08-30 23:08:21', '2018-08-30 23:08:21'),
(86, 25, 'Optin', 'DemoRE', 'demore1535660193', 7, NULL, 2, '2018-08-31 03:16:33', '2018-08-31 03:16:33'),
(89, 26, 'Optin', 'Cartumo-Webinar-signup', 'cartumo-webinar-signup1535741262', 7, '{\"integration\":{\"integration_id\":\"5\",\"list_id\":\"500ba48010\",\"type\":\"mailchimp\",\"name\":\"Mailchimip\"}}', 1, '2018-09-01 01:47:42', '2018-09-01 05:17:59'),
(90, 26, 'Confirmation', 'Webinar-Signup-Thankyou', 'webinar-signup-thankyou1535753536', 5, NULL, 2, '2018-09-01 05:12:16', '2018-09-01 05:12:16'),
(96, 29, 'Optin', 'Blu-Bay International', 'demore1535821335', 7, '{\"integration\":{\"integration_id\":\"5\",\"list_id\":\"cf41fdf29b\",\"type\":\"mailchimp\",\"name\":\"Mailchimip\"}}', 1, '2018-09-02 00:02:15', '2018-09-09 14:57:08'),
(97, 30, 'Optin', 'Test', 'test1535823913', 7, NULL, 1, '2018-09-02 00:45:13', '2018-09-02 00:45:13'),
(98, 31, 'Optin', 'Test', 'test1535829751', 7, NULL, 1, '2018-09-02 02:22:31', '2018-09-02 02:22:31'),
(99, 31, 'Optin', 'DemoRE', 'demore1535829751', 7, NULL, 2, '2018-09-02 02:22:31', '2018-09-02 02:22:31'),
(101, 28, 'Optin', 'Optin', 'optin1535949539', 7, NULL, 1, '2018-09-03 11:38:59', '2018-09-03 11:38:59'),
(102, 28, 'Product', 'sales', 'sales1535949563', 1, NULL, 2, '2018-09-03 11:39:23', '2018-09-03 11:39:23'),
(103, 28, 'Order', 'Order-1', 'order-11535949583', 2, NULL, 3, '2018-09-03 11:39:43', '2018-09-03 11:39:43'),
(104, 28, 'Upsell', 'up-1', 'up-11535949598', 3, NULL, 4, '2018-09-03 11:39:58', '2018-09-03 11:39:58'),
(105, 28, 'Downsell', 'Down', 'down1535949610', 4, NULL, 5, '2018-09-03 11:40:10', '2018-09-03 11:40:10'),
(106, 28, 'Confirmation', 'TY', 'ty1535949621', 5, NULL, 6, '2018-09-03 11:40:21', '2018-09-03 11:40:21'),
(107, 28, 'Optin', 'Optin2', 'optin21535978823', 7, NULL, 7, '2018-09-03 19:47:03', '2018-09-03 19:47:03'),
(108, 33, 'Order', 'Landing', 'landing1536011809', 2, NULL, 1, '2018-09-04 04:56:49', '2018-09-04 04:56:49'),
(109, 29, 'Confirmation', 'Thank You', 'thank-you1536016882', 5, NULL, 2, '2018-09-04 06:21:22', '2018-09-04 06:21:22'),
(110, 30, 'Order', 'Test Order', 'test-order1536094706', 2, NULL, 2, '2018-09-05 03:58:26', '2018-09-05 03:58:26'),
(111, 34, 'Product', 'Scarf', 'scarf1536098619', 1, NULL, 1, '2018-09-05 05:03:39', '2018-09-05 05:03:39'),
(112, 35, 'Product', 'RoseGold', 'rosegold1536098722', 1, NULL, 1, '2018-09-05 05:05:22', '2018-09-05 05:05:22'),
(113, 34, 'Upsell', 'Upsell', 'upsell1536100324', 3, NULL, 2, '2018-09-05 05:32:04', '2018-09-05 05:32:04'),
(114, 36, 'Optin', 'VSL +Order Form', 'vsl-+order-form1536104116', 7, NULL, 1, '2018-09-05 06:35:16', '2018-09-05 06:35:16'),
(115, 36, 'Product', 'Fire Ace Tinder Buy1 Get 2 Free', 'fire-ace-tinder-buy1-get-2-free1536104145', 1, NULL, 2, '2018-09-05 06:35:45', '2018-09-05 06:35:45'),
(116, 36, 'Upsell', 'Orange Fire Starter Kit', 'orange-fire-starter-kit1536104206', 3, NULL, 3, '2018-09-05 06:36:46', '2018-09-05 06:36:46'),
(117, 34, 'Optin', 'optin', 'optin1536184984', 7, NULL, 3, '2018-09-06 05:03:04', '2018-09-06 05:03:04'),
(118, 38, 'Product', 'Fundamentals to Growth', 'fundamentals-to-growth1536244834', 1, NULL, 1, '2018-09-06 21:40:34', '2018-09-06 21:40:34'),
(119, 37, 'Downsell', 'ggg', 'ggg1536253096', 4, NULL, 1, '2018-09-06 23:58:16', '2018-09-06 23:58:16'),
(120, 39, 'Product', 'P.O.D. Product Page', 'p.o.d.-product-page1536269927', 1, NULL, 1, '2018-09-07 04:38:47', '2018-09-07 04:38:47'),
(121, 38, 'Product', 'Fundamentals - DEMO', 'fundamentals---demo1536270947', 1, NULL, 2, '2018-09-07 04:55:47', '2018-09-07 04:55:47'),
(122, 38, 'Upsell', 'Upsell test', 'upsell-test1536273321', 3, NULL, 3, '2018-09-07 05:35:21', '2018-09-07 05:35:21'),
(123, 38, 'Order', 'Test ORder', 'test-order1536273358', 2, NULL, 4, '2018-09-07 05:35:58', '2018-09-07 05:35:58'),
(124, 40, 'Product', 'New Test Product', 'new-test-product1536318660', 1, NULL, 1, '2018-09-07 18:11:00', '2018-09-07 18:11:00'),
(125, 41, 'Product', 'PRODUCT 1', 'product-11536334497', 1, NULL, 1, '2018-09-07 22:34:57', '2018-09-07 22:34:57'),
(126, 41, 'Order', 'PAYMENT', 'payment1536334606', 2, NULL, 2, '2018-09-07 22:36:46', '2018-09-07 22:36:46'),
(128, 41, 'Upsell', 'Upsell', 'upsell1536334737', 3, NULL, 3, '2018-09-07 22:38:57', '2018-09-07 22:38:57'),
(129, 41, 'Downsell', 'downsell', 'downsell1536334767', 4, NULL, 4, '2018-09-07 22:39:27', '2018-09-07 22:39:27'),
(130, 41, 'Confirmation', 'Thank You', 'thank-you1536334811', 5, NULL, 5, '2018-09-07 22:40:11', '2018-09-07 22:40:11'),
(131, 40, 'Optin', 'ggds', 'ggds1536460624', 7, NULL, 2, '2018-09-09 09:37:04', '2018-09-09 09:37:04'),
(132, 40, 'Order', 'sales', 'sales1536460803', 2, NULL, 3, '2018-09-09 09:40:03', '2018-09-09 09:40:03'),
(134, 43, 'Optin', 'AMZMasterclass-home', 'amzmasterclass-home1536527213', 7, NULL, 1, '2018-09-10 04:06:53', '2018-09-10 04:06:53'),
(135, 44, 'Product', 'sales', 'sales1536668544', 1, NULL, 0, '2018-09-11 19:22:24', '2018-09-11 21:29:01'),
(136, 45, 'Optin', 'Blu-Bay International', 'blu-bay-international1536672129', 7, NULL, 1, '2018-09-11 20:22:09', '2018-09-11 20:22:09'),
(137, 45, 'Confirmation', 'Thank You', 'thank-you1536672129', 5, NULL, 2, '2018-09-11 20:22:09', '2018-09-11 20:22:09'),
(138, 44, 'Order', 'Order-1', 'order-11536672825', 2, NULL, 1, '2018-09-11 20:33:45', '2018-09-11 21:29:01'),
(139, 44, 'Upsell', 'up-1', 'up-11536675232', 3, NULL, 2, '2018-09-11 21:13:52', '2018-09-11 21:29:00'),
(140, 46, 'Product', 'Men\'s Watch - Most Epic', 'men\'s-watch---most-epic1536680553', 1, NULL, 1, '2018-09-11 22:42:33', '2018-09-11 22:42:33'),
(141, 40, 'Optin', 'Optin', 'optin1536687056', 7, NULL, 0, '2018-09-12 00:30:56', '2018-09-12 00:30:59');

-- --------------------------------------------------------

--
-- Table structure for table `funnel_step_automations`
--

CREATE TABLE `funnel_step_automations` (
  `id` int(10) UNSIGNED NOT NULL,
  `funnel_id` int(11) NOT NULL,
  `step_id` int(11) NOT NULL,
  `type` varchar(191) COLLATE utf8mb4_unicode_ci NOT NULL,
  `from_name` varchar(191) COLLATE utf8mb4_unicode_ci NOT NULL,
  `subject` varchar(191) COLLATE utf8mb4_unicode_ci NOT NULL,
  `automation_condition` varchar(191) COLLATE utf8mb4_unicode_ci NOT NULL,
  `details` text COLLATE utf8mb4_unicode_ci NOT NULL,
  `created_at` timestamp NULL DEFAULT NULL,
  `updated_at` timestamp NULL DEFAULT NULL
) ENGINE=InnoDB DEFAULT CHARSET=utf8mb4 COLLATE=utf8mb4_unicode_ci;

-- --------------------------------------------------------

--
-- Table structure for table `funnel_types`
--

CREATE TABLE `funnel_types` (
  `id` int(10) UNSIGNED NOT NULL,
  `name` varchar(191) COLLATE utf8mb4_unicode_ci NOT NULL,
  `status` tinyint(4) NOT NULL,
  `created_at` timestamp NULL DEFAULT NULL,
  `updated_at` timestamp NULL DEFAULT NULL
) ENGINE=InnoDB DEFAULT CHARSET=utf8mb4 COLLATE=utf8mb4_unicode_ci;

--
-- Dumping data for table `funnel_types`
--

INSERT INTO `funnel_types` (`id`, `name`, `status`, `created_at`, `updated_at`) VALUES
(1, 'Product', 1, '2018-07-07 18:30:00', '2018-07-07 18:30:00'),
(2, 'Order', 1, '2018-07-07 18:30:00', '2018-07-07 18:30:00'),
(3, 'Upsell', 1, '2018-07-07 18:30:00', '2018-07-07 18:30:00'),
(4, 'Downsell', 1, '2018-07-07 18:30:00', '2018-07-07 18:30:00'),
(5, 'Confirmation', 1, '2018-07-07 18:30:00', '2018-07-07 18:30:00'),
(7, 'Optin', 1, '2018-07-07 18:30:00', '2018-07-07 18:30:00');

-- --------------------------------------------------------

--
-- Table structure for table `funnel_uploads`
--

CREATE TABLE `funnel_uploads` (
  `id` int(10) UNSIGNED NOT NULL,
  `user_id` int(11) NOT NULL,
  `funnel_id` int(11) NOT NULL,
  `file_path` text COLLATE utf8mb4_unicode_ci NOT NULL,
  `status` tinyint(4) NOT NULL,
  `created_at` timestamp NULL DEFAULT NULL,
  `updated_at` timestamp NULL DEFAULT NULL
) ENGINE=InnoDB DEFAULT CHARSET=utf8mb4 COLLATE=utf8mb4_unicode_ci;

-- --------------------------------------------------------

--
-- Table structure for table `help_center_categories`
--

CREATE TABLE `help_center_categories` (
  `id` int(11) NOT NULL,
  `title` varchar(191) NOT NULL,
  `slug` varchar(191) NOT NULL,
  `position` tinyint(4) NOT NULL,
  `status` tinyint(1) DEFAULT NULL,
  `created_at` timestamp NULL DEFAULT NULL,
  `updated_at` timestamp NULL DEFAULT NULL
) ENGINE=MyISAM DEFAULT CHARSET=latin1;

--
-- Dumping data for table `help_center_categories`
--

INSERT INTO `help_center_categories` (`id`, `title`, `slug`, `position`, `status`, `created_at`, `updated_at`) VALUES
(1, 'Payment Gateway Integration', 'payment-gateway-integration', 1, 1, '2018-08-31 09:21:02', '2018-08-31 09:21:02');

-- --------------------------------------------------------

--
-- Table structure for table `help_center_topics`
--

CREATE TABLE `help_center_topics` (
  `id` int(11) NOT NULL,
  `category_id` int(11) NOT NULL,
  `title` varchar(191) NOT NULL,
  `slug` varchar(191) NOT NULL,
  `details` text NOT NULL,
  `status` tinyint(4) NOT NULL,
  `created_at` timestamp NULL DEFAULT NULL,
  `updated_at` timestamp NULL DEFAULT NULL
) ENGINE=MyISAM DEFAULT CHARSET=latin1;

--
-- Dumping data for table `help_center_topics`
--

INSERT INTO `help_center_topics` (`id`, `category_id`, `title`, `slug`, `details`, `status`, `created_at`, `updated_at`) VALUES
(1, 1, 'Add new payment gateway', 'add-new-payment-gateway', '<p>Test</p><p><br></p><p><img src=\"http://cartumo.io/global/img/help/37a749d808e46495a8da1e5352d03cae.jpg\"><br></p>', 1, '2018-09-05 13:31:23', '2018-09-07 23:27:54');

-- --------------------------------------------------------

--
-- Table structure for table `items`
--

CREATE TABLE `items` (
  `id` int(11) NOT NULL,
  `name` varchar(191) DEFAULT NULL,
  `created_at` timestamp NULL DEFAULT NULL,
  `updated_at` timestamp NULL DEFAULT NULL
) ENGINE=InnoDB DEFAULT CHARSET=latin1;

-- --------------------------------------------------------

--
-- Table structure for table `migrations`
--

CREATE TABLE `migrations` (
  `id` int(10) UNSIGNED NOT NULL,
  `migration` varchar(191) COLLATE utf8mb4_unicode_ci NOT NULL,
  `batch` int(11) NOT NULL
) ENGINE=InnoDB DEFAULT CHARSET=utf8mb4 COLLATE=utf8mb4_unicode_ci;

--
-- Dumping data for table `migrations`
--

INSERT INTO `migrations` (`id`, `migration`, `batch`) VALUES
(26, '2017_08_07_155201_create_user_payment_gateways_table', 3),
(85, '2018_07_08_030311_create_developers_table', 4),
(127, '2014_10_12_000000_create_users_table', 5),
(128, '2014_10_12_100000_create_password_resets_table', 5),
(129, '2017_07_31_151321_create_admins_table', 5),
(130, '2017_08_01_042929_create_blogs_table', 5),
(131, '2017_08_01_042941_create_blog_categories_table', 5),
(132, '2017_08_01_042951_create_blog_comments_table', 5),
(133, '2017_08_01_043002_create_cms_pages_table', 5),
(134, '2017_08_01_043013_create_faqs_table', 5),
(135, '2017_08_01_043020_create_funnels_table', 5),
(136, '2017_08_01_043027_create_funnel_steps_table', 5),
(137, '2017_08_01_043034_create_funnel_types_table', 5),
(138, '2017_08_01_043055_create_newsletter_subscriptions_table', 5),
(139, '2017_08_01_043211_create_newsletter_templates_table', 5),
(140, '2017_08_01_043222_create_orders_table', 5),
(141, '2017_08_01_043229_create_order_details_table', 5),
(142, '2017_08_01_043237_create_pages_table', 5),
(143, '2017_08_01_043246_create_page_templates_table', 5),
(144, '2017_08_01_043255_create_page_views_table', 5),
(145, '2017_08_01_043306_create_products_table', 5),
(146, '2017_08_01_043312_create_product_options_table', 5),
(147, '2017_08_01_043321_create_product_payments_table', 5),
(148, '2017_08_01_043332_create_profiles_table', 5),
(149, '2017_08_01_043339_create_step_products_table', 5),
(150, '2017_08_01_043354_create_user_integrations_table', 5),
(151, '2017_08_01_043409_create_user_smtp_settings_table', 5),
(152, '2017_08_07_155449_create_user_payment_gateways_table', 5),
(153, '2017_08_21_135111_create_user_shops_table', 5),
(154, '2017_09_05_033728_create_funnel_step_automations_table', 5),
(155, '2017_09_05_102226_create_product_email_integrations_table', 5),
(156, '2017_09_11_130747_create_coupons_table', 5),
(157, '2017_09_14_030820_create_page_visitors_table', 5),
(158, '2017_09_16_113654_create_user_subscriptions_table', 5),
(159, '2017_09_21_062651_create_page_screenshoots_table', 5),
(160, '2017_09_22_144207_create_funnel_archives_table', 5),
(161, '2017_10_03_144144_create_feature_upgrads_table', 5),
(162, '2017_10_04_070138_create_admin_payment_gateways_table', 5),
(163, '2017_10_04_085514_create_user_upgrades_table', 5),
(164, '2017_10_09_034535_create_user_galleries_table', 5),
(165, '2017_10_14_031408_create_user_marketplaces_table', 5),
(166, '2017_10_17_082010_create_chat_messengers_table', 5),
(167, '2017_10_21_093951_create_funnel_uploads_table', 5),
(168, '2018_07_08_040534_create_developers_table', 5),
(169, '2018_07_08_050127_create_page_template_payments_table', 6),
(170, '2018_07_24_052006_create_developer_galleries_table', 7),
(171, '2018_07_27_050250_create_order_customers_table', 8),
(172, '2018_07_27_080935_create_order_products_table', 9);

-- --------------------------------------------------------

--
-- Table structure for table `newsletter_subscriptions`
--

CREATE TABLE `newsletter_subscriptions` (
  `id` int(10) UNSIGNED NOT NULL,
  `email` varchar(191) COLLATE utf8mb4_unicode_ci NOT NULL,
  `status` tinyint(4) NOT NULL,
  `created_at` timestamp NULL DEFAULT NULL,
  `updated_at` timestamp NULL DEFAULT NULL
) ENGINE=InnoDB DEFAULT CHARSET=utf8mb4 COLLATE=utf8mb4_unicode_ci;

-- --------------------------------------------------------

--
-- Table structure for table `newsletter_templates`
--

CREATE TABLE `newsletter_templates` (
  `id` int(10) UNSIGNED NOT NULL,
  `name` varchar(191) COLLATE utf8mb4_unicode_ci NOT NULL,
  `slug` varchar(191) COLLATE utf8mb4_unicode_ci NOT NULL,
  `content` text COLLATE utf8mb4_unicode_ci NOT NULL,
  `created_at` timestamp NULL DEFAULT NULL,
  `updated_at` timestamp NULL DEFAULT NULL
) ENGINE=InnoDB DEFAULT CHARSET=utf8mb4 COLLATE=utf8mb4_unicode_ci;

-- --------------------------------------------------------

--
-- Table structure for table `orders`
--

CREATE TABLE `orders` (
  `id` int(10) UNSIGNED NOT NULL,
  `user_id` int(11) NOT NULL,
  `page_id` int(11) NOT NULL,
  `customer_email` varchar(191) COLLATE utf8mb4_unicode_ci NOT NULL,
  `amount` decimal(13,2) DEFAULT NULL,
  `status` tinyint(1) NOT NULL DEFAULT '1',
  `created_at` timestamp NULL DEFAULT NULL,
  `updated_at` timestamp NULL DEFAULT NULL
) ENGINE=InnoDB DEFAULT CHARSET=utf8mb4 COLLATE=utf8mb4_unicode_ci;

--
-- Dumping data for table `orders`
--

INSERT INTO `orders` (`id`, `user_id`, `page_id`, `customer_email`, `amount`, `status`, `created_at`, `updated_at`) VALUES
(1, 1, 44, 'ashim.das@gmail.com', '12.00', 1, '2018-07-27 06:22:29', '2018-07-27 06:22:29'),
(2, 1, 44, 'ashim.das@gmail.com', '10.00', 1, '2018-07-27 06:22:29', '2018-07-27 06:22:29'),
(3, 1, 46, 'ashim.das@gmail.com', '9.00', 1, '2018-07-27 06:22:35', '2018-07-27 06:22:35'),
(4, 1, 44, 'munmun.personal@gmail.com', '22.00', 1, '2018-07-27 06:45:26', '2018-07-27 06:45:26'),
(5, 1, 44, 'abcd@gmail.com', '22.00', 1, '2018-07-27 06:49:02', '2018-07-27 06:49:02'),
(6, 1, 44, 'abcd@gmail.com', '10.00', 1, '2018-07-27 06:49:03', '2018-07-27 06:49:03'),
(7, 1, 44, 'abhijit.dutta@gmail.com', '22.00', 1, '2018-07-27 06:54:21', '2018-07-27 06:54:21'),
(8, 1, 44, 'abhijit.dutta@gmail.com', '10.00', 1, '2018-07-27 06:54:21', '2018-07-27 06:54:21'),
(9, 1, 44, 'munmun.personal@gmail.com', '22.00', 1, '2018-07-27 06:57:13', '2018-07-27 06:57:13'),
(10, 1, 44, 'munmun.personal@gmail.com', '10.00', 1, '2018-07-27 06:57:14', '2018-07-27 06:57:14'),
(11, 1, 44, 'munmun.personal@gmail.com', '22.00', 1, '2018-07-27 07:05:28', '2018-07-27 07:05:28'),
(12, 1, 44, 'munmun.personal@gmail.com', '10.00', 1, '2018-07-27 07:05:28', '2018-07-27 07:05:28'),
(13, 1, 44, 'munmun.personal@gmail.com', '22.00', 1, '2018-07-27 07:13:38', '2018-07-27 07:13:38'),
(14, 1, 44, 'munmun.personal@gmail.com', '10.00', 1, '2018-07-27 07:13:38', '2018-07-27 07:13:38'),
(15, 1, 46, 'munmun.personal@gmail.com', '9.00', 1, '2018-07-27 07:14:07', '2018-07-27 07:14:07'),
(16, 1, 45, 'munmun.personal@gmail.com', '10.00', 1, '2018-07-27 07:15:20', '2018-07-27 07:15:20'),
(19, 1, 22, 'chakraborty.education@gmail.com', '39.98', 1, '2018-07-27 08:03:33', '2018-07-27 08:03:33'),
(20, 1, 22, 'chakraborty.education@gmail.com', '19.99', 1, '2018-07-27 08:03:33', '2018-07-27 08:03:33'),
(21, 1, 23, 'chakraborty.education@gmail.com', '19.99', 1, '2018-07-27 08:03:49', '2018-07-27 08:03:49'),
(22, 1, 24, 'chakraborty.education@gmail.com', '19.99', 1, '2018-07-27 08:04:05', '2018-07-27 08:04:05'),
(23, 1, 22, 'munmun.personal@gmail.com', '39.98', 1, '2018-07-27 08:19:04', '2018-07-27 08:19:04'),
(24, 1, 22, 'munmun.personal@gmail.com', '19.99', 1, '2018-07-27 08:19:04', '2018-07-27 08:19:04'),
(25, 1, 23, 'munmun.personal@gmail.com', '19.99', 1, '2018-07-27 08:19:42', '2018-07-27 08:19:42'),
(26, 1, 24, 'munmun.personal@gmail.com', '19.99', 1, '2018-07-27 08:20:19', '2018-07-27 08:20:19'),
(27, 5, 57, 'munmun.personal@gmail.com', '22.99', 1, '2018-07-30 10:24:45', '2018-07-30 10:24:45'),
(28, 5, 57, 'munmun.personal@gmail.com', '1.00', 1, '2018-07-30 10:24:45', '2018-07-30 10:24:45'),
(29, 5, 58, 'munmun.personal@gmail.com', '1.00', 1, '2018-07-30 10:25:24', '2018-07-30 10:25:24'),
(30, 5, 57, 'rizvibiz@gmail.com', '21.99', 1, '2018-07-31 05:56:14', '2018-07-31 05:56:14'),
(31, 5, 57, 'chakraborty.education@gmail.com', '22.99', 1, '2018-07-31 10:16:26', '2018-07-31 10:16:26'),
(32, 5, 57, 'chakraborty.education@gmail.com', '1.00', 1, '2018-07-31 10:16:26', '2018-07-31 10:16:26'),
(33, 5, 58, 'chakraborty.education@gmail.com', '1.00', 1, '2018-07-31 10:17:04', '2018-07-31 10:17:04'),
(34, 5, 57, 'chakraborty.education@gmail.com', '21.99', 1, '2018-07-31 10:25:28', '2018-07-31 10:25:28'),
(35, 5, 58, 'chakraborty.education@gmail.com', '1.00', 1, '2018-07-31 10:25:38', '2018-07-31 10:25:38'),
(36, 5, 57, 'rizvibiz@gmail.com', '21.99', 1, '2018-07-31 10:37:23', '2018-07-31 10:37:23'),
(37, 5, 58, 'rizvibiz@gmail.com', '1.00', 1, '2018-07-31 10:37:30', '2018-07-31 10:37:30'),
(38, 5, 75, 'rizvibiz@gmail.com', '35.97', 1, '2018-08-05 06:33:43', '2018-08-05 06:33:43'),
(39, 5, 75, 'rizvibiz@gmail.com', '10.00', 1, '2018-08-05 06:33:43', '2018-08-05 06:33:43'),
(40, 5, 76, 'rizvibiz@gmail.com', '34.97', 1, '2018-08-05 06:34:06', '2018-08-05 06:34:06'),
(41, 5, 75, 'rizvibiz@gmail.com', '35.97', 1, '2018-08-05 06:40:02', '2018-08-05 06:40:02'),
(42, 5, 75, 'rizvibiz@gmail.com', '10.00', 1, '2018-08-05 06:40:02', '2018-08-05 06:40:02'),
(43, 5, 76, 'rizvibiz@gmail.com', '95.91', 1, '2018-08-05 06:40:23', '2018-08-05 06:40:23'),
(44, 5, 75, 'ummahzonllc@gmail.com', '1.00', 1, '2018-08-06 00:03:16', '2018-08-06 00:03:16'),
(45, 5, 75, 'a_ahmed530@yahoo.com', '35.97', 1, '2018-08-06 00:51:10', '2018-08-06 00:51:10'),
(46, 5, 75, 'rizvibiz@gmail.com', '1.50', 1, '2018-08-06 10:06:36', '2018-08-06 10:06:36');

-- --------------------------------------------------------

--
-- Table structure for table `order_customers`
--

CREATE TABLE `order_customers` (
  `id` int(10) UNSIGNED NOT NULL,
  `order_id` int(11) NOT NULL,
  `customer_name` varchar(191) COLLATE utf8mb4_unicode_ci NOT NULL,
  `email` varchar(191) COLLATE utf8mb4_unicode_ci DEFAULT NULL,
  `details` text COLLATE utf8mb4_unicode_ci NOT NULL,
  `status` tinyint(4) NOT NULL DEFAULT '1',
  `created_at` timestamp NULL DEFAULT NULL,
  `updated_at` timestamp NULL DEFAULT NULL
) ENGINE=InnoDB DEFAULT CHARSET=utf8mb4 COLLATE=utf8mb4_unicode_ci;

--
-- Dumping data for table `order_customers`
--

INSERT INTO `order_customers` (`id`, `order_id`, `customer_name`, `email`, `details`, `status`, `created_at`, `updated_at`) VALUES
(1, 1, 'Ashim Das', 'ashim.das@gmail.com', '{\"shipping\":{\"first_name\":\"Ashim\",\"last_name\":\"Das\",\"address1\":\"Guptipara, Puragabasgachia Burdwan 712512\",\"phone\":\"7529541230\",\"city\":\"Kolkata\",\"province\":\"WB\",\"country\":\"India\",\"zip\":\"712512\"},\"billing\":{\"first_name\":\"Ashim\",\"last_name\":\"Das\",\"address1\":\"Guptipara, Puragabasgachia Burdwan 712512\",\"phone\":\"7529541230\",\"city\":\"Kolkata\",\"province\":\"WB\",\"country\":\"India\",\"zip\":\"712512\"}}', 1, '2018-07-27 06:22:29', '2018-07-27 06:22:29'),
(3, 4, 'Munmun Chakraborty', 'munmun.personal@gmail.com', '{\"shipping\":{\"recipient_name\":\"Munmun Chakraborty\",\"line1\":\"140\\/1 Nabaliapara Road Kolkata 700008\",\"city\":\"Kolkata\",\"country_code\":\"India\",\"postal_code\":\"700008\",\"phone\":\"7441589602\",\"state\":\"WB\"},\"billing\":{\"line1\":\"140\\/1 Nabaliapara Road Kolkata 700008\",\"city\":\"Kolkata\",\"state\":\"WB\",\"postal_code\":\"700008\",\"country_code\":\"US\"}}', 1, '2018-07-27 06:45:26', '2018-07-27 06:45:26'),
(4, 5, 'Asish Dutta', 'abcd@gmail.com', '{\"shipping\":{\"recipient_name\":\"Asish Dutta\",\"line1\":\"1\\/3 Saha colony Road Kolkata 700010\",\"city\":\"Kolkata\",\"country_code\":\"India\",\"postal_code\":\"700010\",\"phone\":\"7589630257\",\"state\":\"WB\"},\"billing\":{\"line1\":\"1\\/3 Saha colony Road Kolkata 700010\",\"city\":\"Kolkata\",\"state\":\"WB\",\"postal_code\":\"700010\",\"country_code\":\"US\"}}', 1, '2018-07-27 06:49:03', '2018-07-27 06:49:03'),
(5, 7, 'Abhijit Dutta', 'abhijit.dutta@gmail.com', '{\"shipping\":{\"recipient_name\":\"Abhijit Dutta\",\"line1\":\"1\\/4 Daspara Road Kolkata 700003\",\"city\":\"Kolkata\",\"country_code\":\"India\",\"postal_code\":\"700003\",\"phone\":\"7851236980\",\"state\":\"WB\"},\"billing\":{\"line1\":\"1\\/4 Daspara Road Kolkata 700003\",\"city\":\"Kolkata\",\"state\":\"WB\",\"postal_code\":\"700003\",\"country_code\":\"US\"}}', 1, '2018-07-27 06:54:21', '2018-07-27 06:54:21'),
(11, 21, 'Sourav Chakraborty', 'chakraborty.education@gmail.com', '{\"shipping\":{\"first_name\":\"Sourav\",\"last_name\":\"Chakraborty\",\"address1\":\"140\\/1 Nabaliapara Road kolkata 700008\",\"phone\":\"8527419630\",\"city\":\"Kolkata\",\"province\":\"WB\",\"country\":\"India\",\"zip\":\"700008\"},\"billing\":{\"first_name\":\"Sourav\",\"last_name\":\"Chakraborty\",\"address1\":\"140\\/1 Nabaliapara Road kolkata 700008\",\"phone\":\"8527419630\",\"city\":\"Kolkata\",\"province\":\"WB\",\"country\":\"India\",\"zip\":\"700008\"}}', 1, '2018-07-27 08:03:49', '2018-07-27 08:03:49'),
(12, 33, 'Sourav Chakraborty', 'chakraborty.education@gmail.com', '{\"shipping\":{\"first_name\":\"Sourav\",\"last_name\":\"Chakraborty\",\"address1\":\"140\\/1 Nabaliapara Kolkata 700008\",\"phone\":\"8509797498\",\"city\":\"Kolkata\",\"province\":\"WB\",\"country\":\"India\",\"zip\":\"700008\"},\"billing\":{\"first_name\":\"Sourav\",\"last_name\":\"Chakraborty\",\"address1\":\"140\\/1 Nabaliapara Kolkata 700008\",\"phone\":\"8509797498\",\"city\":\"Kolkata\",\"province\":\"WB\",\"country\":\"India\",\"zip\":\"700008\"}}', 1, '2018-07-31 10:17:04', '2018-07-31 10:17:04'),
(13, 34, 'Sourav Chakraborty', 'chakraborty.education@gmail.com', '{\"shipping\":{\"first_name\":\"Sourav\",\"last_name\":\"Chakraborty\",\"address1\":\"140\\/1 Nabaliapara Kolkata 700008\",\"phone\":\"8509797498\",\"city\":\"Kolkata\",\"province\":\"WB\",\"country\":\"India\",\"zip\":\"700008\"},\"billing\":{\"first_name\":\"Sourav\",\"last_name\":\"Chakraborty\",\"address1\":\"140\\/1 Nabaliapara Kolkata 700008\",\"phone\":\"8509797498\",\"city\":\"Kolkata\",\"province\":\"WB\",\"country\":\"India\",\"zip\":\"700008\"}}', 1, '2018-07-31 10:25:28', '2018-07-31 10:25:28'),
(14, 35, 'Sourav Chakraborty', 'chakraborty.education@gmail.com', '{\"shipping\":{\"first_name\":\"Sourav\",\"last_name\":\"Chakraborty\",\"address1\":\"140\\/1 Nabaliapara Kolkata 700008\",\"phone\":\"8509797498\",\"city\":\"Kolkata\",\"province\":\"WB\",\"country\":\"India\",\"zip\":\"700008\"},\"billing\":{\"first_name\":\"Sourav\",\"last_name\":\"Chakraborty\",\"address1\":\"140\\/1 Nabaliapara Kolkata 700008\",\"phone\":\"8509797498\",\"city\":\"Kolkata\",\"province\":\"WB\",\"country\":\"India\",\"zip\":\"700008\"}}', 1, '2018-07-31 10:25:38', '2018-07-31 10:25:38'),
(15, 37, 'Syed Rizvi', 'rizvibiz@gmail.com', '{\"shipping\":{\"first_name\":\"Syed\",\"last_name\":\"Rizvi\",\"address1\":\"555555555\",\"phone\":\"8133777784\",\"city\":\"55555555\",\"province\":\"fl\",\"country\":\"United States\",\"zip\":\"33534\"},\"billing\":{\"first_name\":\"Syed\",\"last_name\":\"Rizvi\",\"address1\":\"555555555\",\"phone\":\"8133777784\",\"city\":\"55555555\",\"province\":\"fl\",\"country\":\"United States\",\"zip\":\"33534\"}}', 1, '2018-07-31 10:37:30', '2018-07-31 10:37:30'),
(16, 38, 'Syed Rizvi', 'rizvibiz@gmail.com', '{\"shipping\":{\"first_name\":\"Syed\",\"last_name\":\"Rizvi\",\"address1\":\"12030 Citrus Leaf Drive, Gibsonton, FL, USA\",\"phone\":\"8133777784\",\"city\":\"Gibsonton\",\"province\":\"FL\",\"country\":\"United States\",\"zip\":\"33534-5658\"},\"billing\":{\"first_name\":\"Syed\",\"last_name\":\"Rizvi\",\"address1\":\"12030 Citrus Leaf Drive, Gibsonton, FL, USA\",\"phone\":\"8133777784\",\"city\":\"Gibsonton\",\"province\":\"FL\",\"country\":\"United States\",\"zip\":\"33534-5658\"}}', 1, '2018-08-05 06:33:43', '2018-08-05 06:33:43'),
(17, 40, 'Syed Rizvi', 'rizvibiz@gmail.com', '{\"shipping\":{\"first_name\":\"Syed\",\"last_name\":\"Rizvi\",\"address1\":\"12030 Citrus Leaf Drive, Gibsonton, FL, USA\",\"phone\":\"8133777784\",\"city\":\"Gibsonton\",\"province\":\"FL\",\"country\":\"United States\",\"zip\":\"33534-5658\"},\"billing\":{\"first_name\":\"Syed\",\"last_name\":\"Rizvi\",\"address1\":\"12030 Citrus Leaf Drive, Gibsonton, FL, USA\",\"phone\":\"8133777784\",\"city\":\"Gibsonton\",\"province\":\"FL\",\"country\":\"United States\",\"zip\":\"33534-5658\"}}', 1, '2018-08-05 06:34:06', '2018-08-05 06:34:06'),
(18, 41, 'Syed Rizvi', 'rizvibiz@gmail.com', '{\"shipping\":{\"first_name\":\"Syed\",\"last_name\":\"Rizvi\",\"address1\":\"12030 Citrus Leaf Drive, Gibsonton, FL, USA\",\"phone\":\"8133777784\",\"city\":\"Gibsonton\",\"province\":\"FL\",\"country\":\"United States\",\"zip\":\"33534-5658\"},\"billing\":{\"first_name\":\"Syed\",\"last_name\":\"Rizvi\",\"address1\":\"12030 Citrus Leaf Drive, Gibsonton, FL, USA\",\"phone\":\"8133777784\",\"city\":\"Gibsonton\",\"province\":\"FL\",\"country\":\"United States\",\"zip\":\"33534-5658\"}}', 1, '2018-08-05 06:40:02', '2018-08-05 06:40:02'),
(19, 43, 'Syed Rizvi', 'rizvibiz@gmail.com', '{\"shipping\":{\"first_name\":\"Syed\",\"last_name\":\"Rizvi\",\"address1\":\"12030 Citrus Leaf Drive, Gibsonton, FL, USA\",\"phone\":\"8133777784\",\"city\":\"Gibsonton\",\"province\":\"FL\",\"country\":\"United States\",\"zip\":\"33534-5658\"},\"billing\":{\"first_name\":\"Syed\",\"last_name\":\"Rizvi\",\"address1\":\"12030 Citrus Leaf Drive, Gibsonton, FL, USA\",\"phone\":\"8133777784\",\"city\":\"Gibsonton\",\"province\":\"FL\",\"country\":\"United States\",\"zip\":\"33534-5658\"}}', 1, '2018-08-05 06:40:23', '2018-08-05 06:40:23'),
(20, 44, 'syed Rizvi', 'ummahzonllc@gmail.com', '{\"shipping\":{\"recipient_name\":\"Syed Rizvi\",\"line1\":\"12030 Citrus Leaf Drive, Gibsonton, FL, USA\",\"city\":\"Gibsonton\",\"country_code\":\"United States\",\"postal_code\":\"33534-5658\",\"phone\":\"8133777784\",\"state\":\"FL\"},\"billing\":{\"line1\":\"12030 Citrus Leaf Drive, Gibsonton, FL, USA\",\"city\":\"Gibsonton\",\"state\":\"FL\",\"postal_code\":\"33534-5658\",\"country_code\":\"US\"}}', 1, '2018-08-06 00:03:16', '2018-08-06 00:03:16'),
(21, 45, 'Syada Ahmed', 'a_ahmed530@yahoo.com', '{\"shipping\":{\"recipient_name\":\"Asia Ahmed\",\"line1\":\"1550 Bristol Lane\",\"city\":\"Wood Dale\",\"country_code\":\"United States\",\"postal_code\":\"60191\",\"phone\":\"6302052001\",\"state\":\"IL\"},\"billing\":{\"line1\":\"1550 Bristol Lane\",\"city\":\"Wood Dale\",\"state\":\"IL\",\"postal_code\":\"60191\",\"country_code\":\"US\"}}', 1, '2018-08-06 00:51:10', '2018-08-06 00:51:10'),
(22, 46, 'Syed Rizvi', 'rizvibiz@gmail.com', '{\"shipping\":{\"first_name\":\"Syed\",\"last_name\":\"Rizvi\",\"address1\":\"12030 Citrus Leaf Drive, Gibsonton, FL, USA\",\"phone\":\"8133777784\",\"city\":\"Gibsonton\",\"province\":\"FL\",\"country\":\"United States\",\"zip\":\"33534\"},\"billing\":{\"first_name\":\"Syed\",\"last_name\":\"Rizvi\",\"address1\":\"12030 Citrus Leaf Drive, Gibsonton, FL, USA\",\"phone\":\"8133777784\",\"city\":\"Gibsonton\",\"province\":\"FL\",\"country\":\"United States\",\"zip\":\"33534\"}}', 1, '2018-08-06 10:06:36', '2018-08-06 10:06:36');

-- --------------------------------------------------------

--
-- Table structure for table `order_details`
--

CREATE TABLE `order_details` (
  `id` int(10) UNSIGNED NOT NULL,
  `order_id` int(11) NOT NULL,
  `type` varchar(30) COLLATE utf8mb4_unicode_ci NOT NULL,
  `details` text COLLATE utf8mb4_unicode_ci NOT NULL,
  `created_at` timestamp NULL DEFAULT NULL,
  `updated_at` timestamp NULL DEFAULT NULL
) ENGINE=InnoDB DEFAULT CHARSET=utf8mb4 COLLATE=utf8mb4_unicode_ci;

--
-- Dumping data for table `order_details`
--

INSERT INTO `order_details` (`id`, `order_id`, `type`, `details`, `created_at`, `updated_at`) VALUES
(1, 1, 'stripe', '{\"order\":{\"info\":{\"charge_id\":\"ch_1CsUUfJQF5okAo8fPkXiP5BV\",\"customer\":{\"customer\":\"cus_DJ6ig0Moe3yIEs\",\"email\":\"ashim.das@gmail.com\",\"first_name\":\"Ashim\",\"last_name\":\"Das\"},\"product\":{\"id\":4,\"title\":\"Veirdo Men\'s Cotton T-Shirt Black Maroon Casual T-Shirt\",\"bump\":{\"product\":{\"id\":3,\"title\":\"Urbano Fashion Men\'s Black, Grey, Yellow Round Neck Full Sleeve T-Shirt\",\"amount\":\"10.00\"}}},\"amount\":1200,\"total_amount\":22,\"balance_transaction\":\"txn_1CsUUgJQF5okAo8fgE6yrZbb\",\"billing\":{\"first_name\":\"Ashim\",\"last_name\":\"Das\",\"address1\":\"Guptipara, Puragabasgachia Burdwan 712512\",\"phone\":\"7529541230\",\"city\":\"Kolkata\",\"province\":\"WB\",\"country\":\"India\",\"zip\":\"712512\"},\"shipping\":{\"first_name\":\"Ashim\",\"last_name\":\"Das\",\"address1\":\"Guptipara, Puragabasgachia Burdwan 712512\",\"phone\":\"7529541230\",\"city\":\"Kolkata\",\"province\":\"WB\",\"country\":\"India\",\"zip\":\"712512\"},\"shipping_method\":{\"title\":\"Free\",\"amount\":0},\"discount\":\"0.00\",\"source\":\"card_1CsUUcJQF5okAo8fzICb1V4e\",\"currency\":\"usd\",\"status\":\"succeeded\"},\"stripe\":{\"charge_id\":\"ch_1CsUUfJQF5okAo8fPkXiP5BV\",\"customer\":{\"customer\":\"cus_DJ6ig0Moe3yIEs\",\"email\":\"ashim.das@gmail.com\",\"first_name\":\"Ashim\",\"last_name\":\"Das\"},\"product\":{\"id\":4,\"title\":\"Veirdo Men\'s Cotton T-Shirt Black Maroon Casual T-Shirt\",\"bump\":{\"product\":{\"id\":3,\"title\":\"Urbano Fashion Men\'s Black, Grey, Yellow Round Neck Full Sleeve T-Shirt\",\"amount\":\"10.00\"}}},\"amount\":1200,\"total_amount\":22,\"balance_transaction\":\"txn_1CsUUgJQF5okAo8fgE6yrZbb\",\"billing\":{\"first_name\":\"Ashim\",\"last_name\":\"Das\",\"address1\":\"Guptipara, Puragabasgachia Burdwan 712512\",\"phone\":\"7529541230\",\"city\":\"Kolkata\",\"province\":\"WB\",\"country\":\"India\",\"zip\":\"712512\"},\"shipping\":{\"first_name\":\"Ashim\",\"last_name\":\"Das\",\"address1\":\"Guptipara, Puragabasgachia Burdwan 712512\",\"phone\":\"7529541230\",\"city\":\"Kolkata\",\"province\":\"WB\",\"country\":\"India\",\"zip\":\"712512\"},\"shipping_method\":{\"title\":\"Free\",\"amount\":0},\"discount\":\"0.00\",\"source\":\"card_1CsUUcJQF5okAo8fzICb1V4e\",\"currency\":\"usd\",\"status\":\"succeeded\"}}}', '2018-07-27 06:22:29', '2018-07-27 06:22:29'),
(2, 2, 'stripe', '{\"order\":{\"info\":{\"charge_id\":\"ch_1CsUUfJQF5okAo8fPkXiP5BV\",\"customer\":{\"customer\":\"cus_DJ6ig0Moe3yIEs\",\"email\":\"ashim.das@gmail.com\",\"first_name\":\"Ashim\",\"last_name\":\"Das\"},\"product\":{\"id\":4,\"title\":\"Veirdo Men\'s Cotton T-Shirt Black Maroon Casual T-Shirt\",\"bump\":{\"product\":{\"id\":3,\"title\":\"Urbano Fashion Men\'s Black, Grey, Yellow Round Neck Full Sleeve T-Shirt\",\"amount\":\"10.00\"}}},\"amount\":1200,\"total_amount\":22,\"balance_transaction\":\"txn_1CsUUgJQF5okAo8fgE6yrZbb\",\"billing\":{\"first_name\":\"Ashim\",\"last_name\":\"Das\",\"address1\":\"Guptipara, Puragabasgachia Burdwan 712512\",\"phone\":\"7529541230\",\"city\":\"Kolkata\",\"province\":\"WB\",\"country\":\"India\",\"zip\":\"712512\"},\"shipping\":{\"first_name\":\"Ashim\",\"last_name\":\"Das\",\"address1\":\"Guptipara, Puragabasgachia Burdwan 712512\",\"phone\":\"7529541230\",\"city\":\"Kolkata\",\"province\":\"WB\",\"country\":\"India\",\"zip\":\"712512\"},\"shipping_method\":{\"title\":\"Free\",\"amount\":0},\"discount\":\"0.00\",\"source\":\"card_1CsUUcJQF5okAo8fzICb1V4e\",\"currency\":\"usd\",\"status\":\"succeeded\"},\"stripe\":{\"charge_id\":\"ch_1CsUUfJQF5okAo8fPkXiP5BV\",\"customer\":{\"customer\":\"cus_DJ6ig0Moe3yIEs\",\"email\":\"ashim.das@gmail.com\",\"first_name\":\"Ashim\",\"last_name\":\"Das\"},\"product\":{\"id\":4,\"title\":\"Veirdo Men\'s Cotton T-Shirt Black Maroon Casual T-Shirt\",\"bump\":{\"product\":{\"id\":3,\"title\":\"Urbano Fashion Men\'s Black, Grey, Yellow Round Neck Full Sleeve T-Shirt\",\"amount\":\"10.00\"}}},\"amount\":1200,\"total_amount\":22,\"balance_transaction\":\"txn_1CsUUgJQF5okAo8fgE6yrZbb\",\"billing\":{\"first_name\":\"Ashim\",\"last_name\":\"Das\",\"address1\":\"Guptipara, Puragabasgachia Burdwan 712512\",\"phone\":\"7529541230\",\"city\":\"Kolkata\",\"province\":\"WB\",\"country\":\"India\",\"zip\":\"712512\"},\"shipping\":{\"first_name\":\"Ashim\",\"last_name\":\"Das\",\"address1\":\"Guptipara, Puragabasgachia Burdwan 712512\",\"phone\":\"7529541230\",\"city\":\"Kolkata\",\"province\":\"WB\",\"country\":\"India\",\"zip\":\"712512\"},\"shipping_method\":{\"title\":\"Free\",\"amount\":0},\"discount\":\"0.00\",\"source\":\"card_1CsUUcJQF5okAo8fzICb1V4e\",\"currency\":\"usd\",\"status\":\"succeeded\"}}}', '2018-07-27 06:22:29', '2018-07-27 06:22:29'),
(3, 3, 'stripe', '{\"order\":{\"info\":{\"charge_id\":\"ch_1CsUUoJQF5okAo8fIWaDtaM8\",\"customer\":{\"customer\":\"cus_DJ6ig0Moe3yIEs\",\"email\":\"ashim.das@gmail.com\",\"first_name\":\"Ashim\",\"last_name\":\"Das\"},\"product\":{\"id\":1,\"title\":\"Try This Tshirt for Man Charcoal Grey Boat Neck Full Sleeve Tshirt\",\"bump\":[]},\"amount\":900,\"total_amount\":9,\"balance_transaction\":\"txn_1CsUUoJQF5okAo8fAW4D79xt\",\"billing\":{\"first_name\":\"Ashim\",\"last_name\":\"Das\",\"address1\":\"Guptipara, Puragabasgachia Burdwan 712512\",\"phone\":\"7529541230\",\"city\":\"Kolkata\",\"province\":\"WB\",\"country\":\"India\",\"zip\":\"712512\"},\"shipping\":{\"first_name\":\"Ashim\",\"last_name\":\"Das\",\"address1\":\"Guptipara, Puragabasgachia Burdwan 712512\",\"phone\":\"7529541230\",\"city\":\"Kolkata\",\"province\":\"WB\",\"country\":\"India\",\"zip\":\"712512\"},\"shipping_method\":{\"title\":\"Free\",\"amount\":0},\"discount\":\"0.00\",\"source\":\"card_1CsUUcJQF5okAo8fzICb1V4e\",\"currency\":\"usd\",\"status\":\"succeeded\"},\"stripe\":{\"charge_id\":\"ch_1CsUUoJQF5okAo8fIWaDtaM8\",\"customer\":{\"customer\":\"cus_DJ6ig0Moe3yIEs\",\"email\":\"ashim.das@gmail.com\",\"first_name\":\"Ashim\",\"last_name\":\"Das\"},\"product\":{\"id\":1,\"title\":\"Try This Tshirt for Man Charcoal Grey Boat Neck Full Sleeve Tshirt\",\"bump\":[]},\"amount\":900,\"total_amount\":9,\"balance_transaction\":\"txn_1CsUUoJQF5okAo8fAW4D79xt\",\"billing\":{\"first_name\":\"Ashim\",\"last_name\":\"Das\",\"address1\":\"Guptipara, Puragabasgachia Burdwan 712512\",\"phone\":\"7529541230\",\"city\":\"Kolkata\",\"province\":\"WB\",\"country\":\"India\",\"zip\":\"712512\"},\"shipping\":{\"first_name\":\"Ashim\",\"last_name\":\"Das\",\"address1\":\"Guptipara, Puragabasgachia Burdwan 712512\",\"phone\":\"7529541230\",\"city\":\"Kolkata\",\"province\":\"WB\",\"country\":\"India\",\"zip\":\"712512\"},\"shipping_method\":{\"title\":\"Free\",\"amount\":0},\"discount\":\"0.00\",\"source\":\"card_1CsUUcJQF5okAo8fzICb1V4e\",\"currency\":\"usd\",\"status\":\"succeeded\"}}}', '2018-07-27 06:22:35', '2018-07-27 06:22:35'),
(4, 4, 'stripe', '{\"order\":{\"info\":{\"id\":\"PAY-4BU08967580327515LNNQZHA\",\"customer\":{\"email\":\"munmun.personal@gmail.com\",\"first_name\":\"Munmun\",\"last_name\":\"Chakraborty\"},\"product\":{\"id\":4,\"title\":\"Veirdo Men\'s Cotton T-Shirt Black Maroon Casual T-Shirt\",\"bump\":{\"id\":3,\"name\":\"Urbano Fashion Men\'s Black, Grey, Yellow Round Neck Full Sleeve T-Shirt\",\"description\":\"Urbano Fashion Men\'s Black, Grey, Yellow Round Neck Full Sleeve T-Shirt\",\"quantity\":null,\"price\":\"10.00\",\"tax\":\"0.00\",\"sku\":\"\",\"currency\":\"USD\"}},\"amount\":\"22.00\",\"total_amount\":\"22.00\",\"billing\":{\"line1\":\"140\\/1 Nabaliapara Road Kolkata 700008\",\"city\":\"Kolkata\",\"state\":\"WB\",\"postal_code\":\"700008\",\"country_code\":\"US\"},\"shipping\":{\"recipient_name\":\"Munmun Chakraborty\",\"line1\":\"140\\/1 Nabaliapara Road Kolkata 700008\",\"city\":\"Kolkata\",\"country_code\":\"India\",\"postal_code\":\"700008\",\"phone\":\"7441589602\",\"state\":\"WB\"},\"shipping_method\":{\"title\":\"Free\",\"amount\":0},\"discount\":\"0.00\",\"currency\":\"USD\",\"status\":\"approved\"},\"paypal\":{\"id\":\"PAY-4BU08967580327515LNNQZHA\",\"customer\":{\"email\":\"munmun.personal@gmail.com\",\"first_name\":\"Munmun\",\"last_name\":\"Chakraborty\"},\"product\":{\"id\":4,\"title\":\"Veirdo Men\'s Cotton T-Shirt Black Maroon Casual T-Shirt\",\"bump\":{\"id\":3,\"name\":\"Urbano Fashion Men\'s Black, Grey, Yellow Round Neck Full Sleeve T-Shirt\",\"description\":\"Urbano Fashion Men\'s Black, Grey, Yellow Round Neck Full Sleeve T-Shirt\",\"quantity\":null,\"price\":\"10.00\",\"tax\":\"0.00\",\"sku\":\"\",\"currency\":\"USD\"}},\"amount\":\"22.00\",\"total_amount\":\"22.00\",\"billing\":{\"line1\":\"140\\/1 Nabaliapara Road Kolkata 700008\",\"city\":\"Kolkata\",\"state\":\"WB\",\"postal_code\":\"700008\",\"country_code\":\"US\"},\"shipping\":{\"recipient_name\":\"Munmun Chakraborty\",\"line1\":\"140\\/1 Nabaliapara Road Kolkata 700008\",\"city\":\"Kolkata\",\"country_code\":\"India\",\"postal_code\":\"700008\",\"phone\":\"7441589602\",\"state\":\"WB\"},\"shipping_method\":{\"title\":\"Free\",\"amount\":0},\"discount\":\"0.00\",\"currency\":\"USD\",\"status\":\"approved\"}}}', '2018-07-27 06:45:26', '2018-07-27 06:45:26'),
(5, 5, 'stripe', '{\"order\":{\"info\":{\"id\":\"PAY-7L337066WY553003VLNNQ26Q\",\"customer\":{\"email\":\"abcd@gmail.com\",\"first_name\":\"Asish\",\"last_name\":\"Dutta\"},\"product\":{\"id\":4,\"title\":\"Veirdo Men\'s Cotton T-Shirt Black Maroon Casual T-Shirt\",\"bump\":{\"id\":3,\"name\":\"Urbano Fashion Men\'s Black, Grey, Yellow Round Neck Full Sleeve T-Shirt\",\"description\":\"Urbano Fashion Men\'s Black, Grey, Yellow Round Neck Full Sleeve T-Shirt\",\"quantity\":null,\"price\":\"10.00\",\"tax\":\"0.00\",\"sku\":\"\",\"currency\":\"USD\"}},\"amount\":\"22.00\",\"total_amount\":\"22.00\",\"billing\":{\"line1\":\"1\\/3 Saha colony Road Kolkata 700010\",\"city\":\"Kolkata\",\"state\":\"WB\",\"postal_code\":\"700010\",\"country_code\":\"US\"},\"shipping\":{\"recipient_name\":\"Asish Dutta\",\"line1\":\"1\\/3 Saha colony Road Kolkata 700010\",\"city\":\"Kolkata\",\"country_code\":\"India\",\"postal_code\":\"700010\",\"phone\":\"7589630257\",\"state\":\"WB\"},\"shipping_method\":{\"title\":\"Free\",\"amount\":0},\"discount\":\"0.00\",\"currency\":\"USD\",\"status\":\"approved\"},\"paypal\":{\"id\":\"PAY-7L337066WY553003VLNNQ26Q\",\"customer\":{\"email\":\"abcd@gmail.com\",\"first_name\":\"Asish\",\"last_name\":\"Dutta\"},\"product\":{\"id\":4,\"title\":\"Veirdo Men\'s Cotton T-Shirt Black Maroon Casual T-Shirt\",\"bump\":{\"id\":3,\"name\":\"Urbano Fashion Men\'s Black, Grey, Yellow Round Neck Full Sleeve T-Shirt\",\"description\":\"Urbano Fashion Men\'s Black, Grey, Yellow Round Neck Full Sleeve T-Shirt\",\"quantity\":null,\"price\":\"10.00\",\"tax\":\"0.00\",\"sku\":\"\",\"currency\":\"USD\"}},\"amount\":\"22.00\",\"total_amount\":\"22.00\",\"billing\":{\"line1\":\"1\\/3 Saha colony Road Kolkata 700010\",\"city\":\"Kolkata\",\"state\":\"WB\",\"postal_code\":\"700010\",\"country_code\":\"US\"},\"shipping\":{\"recipient_name\":\"Asish Dutta\",\"line1\":\"1\\/3 Saha colony Road Kolkata 700010\",\"city\":\"Kolkata\",\"country_code\":\"India\",\"postal_code\":\"700010\",\"phone\":\"7589630257\",\"state\":\"WB\"},\"shipping_method\":{\"title\":\"Free\",\"amount\":0},\"discount\":\"0.00\",\"currency\":\"USD\",\"status\":\"approved\"}}}', '2018-07-27 06:49:02', '2018-07-27 06:49:02'),
(6, 6, 'stripe', '{\"order\":{\"info\":{\"id\":\"PAY-7L337066WY553003VLNNQ26Q\",\"customer\":{\"email\":\"abcd@gmail.com\",\"first_name\":\"Asish\",\"last_name\":\"Dutta\"},\"product\":{\"id\":4,\"title\":\"Veirdo Men\'s Cotton T-Shirt Black Maroon Casual T-Shirt\",\"bump\":{\"id\":3,\"name\":\"Urbano Fashion Men\'s Black, Grey, Yellow Round Neck Full Sleeve T-Shirt\",\"description\":\"Urbano Fashion Men\'s Black, Grey, Yellow Round Neck Full Sleeve T-Shirt\",\"quantity\":null,\"price\":\"10.00\",\"tax\":\"0.00\",\"sku\":\"\",\"currency\":\"USD\"}},\"amount\":\"22.00\",\"total_amount\":\"22.00\",\"billing\":{\"line1\":\"1\\/3 Saha colony Road Kolkata 700010\",\"city\":\"Kolkata\",\"state\":\"WB\",\"postal_code\":\"700010\",\"country_code\":\"US\"},\"shipping\":{\"recipient_name\":\"Asish Dutta\",\"line1\":\"1\\/3 Saha colony Road Kolkata 700010\",\"city\":\"Kolkata\",\"country_code\":\"India\",\"postal_code\":\"700010\",\"phone\":\"7589630257\",\"state\":\"WB\"},\"shipping_method\":{\"title\":\"Free\",\"amount\":0},\"discount\":\"0.00\",\"currency\":\"USD\",\"status\":\"approved\"},\"paypal\":{\"id\":\"PAY-7L337066WY553003VLNNQ26Q\",\"customer\":{\"email\":\"abcd@gmail.com\",\"first_name\":\"Asish\",\"last_name\":\"Dutta\"},\"product\":{\"id\":4,\"title\":\"Veirdo Men\'s Cotton T-Shirt Black Maroon Casual T-Shirt\",\"bump\":{\"id\":3,\"name\":\"Urbano Fashion Men\'s Black, Grey, Yellow Round Neck Full Sleeve T-Shirt\",\"description\":\"Urbano Fashion Men\'s Black, Grey, Yellow Round Neck Full Sleeve T-Shirt\",\"quantity\":null,\"price\":\"10.00\",\"tax\":\"0.00\",\"sku\":\"\",\"currency\":\"USD\"}},\"amount\":\"22.00\",\"total_amount\":\"22.00\",\"billing\":{\"line1\":\"1\\/3 Saha colony Road Kolkata 700010\",\"city\":\"Kolkata\",\"state\":\"WB\",\"postal_code\":\"700010\",\"country_code\":\"US\"},\"shipping\":{\"recipient_name\":\"Asish Dutta\",\"line1\":\"1\\/3 Saha colony Road Kolkata 700010\",\"city\":\"Kolkata\",\"country_code\":\"India\",\"postal_code\":\"700010\",\"phone\":\"7589630257\",\"state\":\"WB\"},\"shipping_method\":{\"title\":\"Free\",\"amount\":0},\"discount\":\"0.00\",\"currency\":\"USD\",\"status\":\"approved\"}}}', '2018-07-27 06:49:03', '2018-07-27 06:49:03'),
(7, 7, 'stripe', '{\"order\":{\"info\":{\"id\":\"PAY-6VY59205LY837723ALNNQ5PY\",\"customer\":{\"email\":\"abhijit.dutta@gmail.com\",\"first_name\":\"Abhijit\",\"last_name\":\"Dutta\"},\"product\":{\"id\":4,\"title\":\"Veirdo Men\'s Cotton T-Shirt Black Maroon Casual T-Shirt\",\"bump\":{\"id\":3,\"name\":\"Urbano Fashion Men\'s Black, Grey, Yellow Round Neck Full Sleeve T-Shirt\",\"description\":\"Urbano Fashion Men\'s Black, Grey, Yellow Round Neck Full Sleeve T-Shirt\",\"quantity\":null,\"price\":\"10.00\",\"tax\":\"0.00\",\"sku\":\"\",\"currency\":\"USD\"}},\"amount\":\"22.00\",\"total_amount\":\"22.00\",\"billing\":{\"line1\":\"1\\/4 Daspara Road Kolkata 700003\",\"city\":\"Kolkata\",\"state\":\"WB\",\"postal_code\":\"700003\",\"country_code\":\"US\"},\"shipping\":{\"recipient_name\":\"Abhijit Dutta\",\"line1\":\"1\\/4 Daspara Road Kolkata 700003\",\"city\":\"Kolkata\",\"country_code\":\"India\",\"postal_code\":\"700003\",\"phone\":\"7851236980\",\"state\":\"WB\"},\"shipping_method\":{\"title\":\"Free\",\"amount\":0},\"discount\":\"0.00\",\"currency\":\"USD\",\"status\":\"approved\"},\"paypal\":{\"id\":\"PAY-6VY59205LY837723ALNNQ5PY\",\"customer\":{\"email\":\"abhijit.dutta@gmail.com\",\"first_name\":\"Abhijit\",\"last_name\":\"Dutta\"},\"product\":{\"id\":4,\"title\":\"Veirdo Men\'s Cotton T-Shirt Black Maroon Casual T-Shirt\",\"bump\":{\"id\":3,\"name\":\"Urbano Fashion Men\'s Black, Grey, Yellow Round Neck Full Sleeve T-Shirt\",\"description\":\"Urbano Fashion Men\'s Black, Grey, Yellow Round Neck Full Sleeve T-Shirt\",\"quantity\":null,\"price\":\"10.00\",\"tax\":\"0.00\",\"sku\":\"\",\"currency\":\"USD\"}},\"amount\":\"22.00\",\"total_amount\":\"22.00\",\"billing\":{\"line1\":\"1\\/4 Daspara Road Kolkata 700003\",\"city\":\"Kolkata\",\"state\":\"WB\",\"postal_code\":\"700003\",\"country_code\":\"US\"},\"shipping\":{\"recipient_name\":\"Abhijit Dutta\",\"line1\":\"1\\/4 Daspara Road Kolkata 700003\",\"city\":\"Kolkata\",\"country_code\":\"India\",\"postal_code\":\"700003\",\"phone\":\"7851236980\",\"state\":\"WB\"},\"shipping_method\":{\"title\":\"Free\",\"amount\":0},\"discount\":\"0.00\",\"currency\":\"USD\",\"status\":\"approved\"}}}', '2018-07-27 06:54:21', '2018-07-27 06:54:21'),
(8, 8, 'stripe', '{\"order\":{\"info\":{\"id\":\"PAY-6VY59205LY837723ALNNQ5PY\",\"customer\":{\"email\":\"abhijit.dutta@gmail.com\",\"first_name\":\"Abhijit\",\"last_name\":\"Dutta\"},\"product\":{\"id\":4,\"title\":\"Veirdo Men\'s Cotton T-Shirt Black Maroon Casual T-Shirt\",\"bump\":{\"id\":3,\"name\":\"Urbano Fashion Men\'s Black, Grey, Yellow Round Neck Full Sleeve T-Shirt\",\"description\":\"Urbano Fashion Men\'s Black, Grey, Yellow Round Neck Full Sleeve T-Shirt\",\"quantity\":null,\"price\":\"10.00\",\"tax\":\"0.00\",\"sku\":\"\",\"currency\":\"USD\"}},\"amount\":\"22.00\",\"total_amount\":\"22.00\",\"billing\":{\"line1\":\"1\\/4 Daspara Road Kolkata 700003\",\"city\":\"Kolkata\",\"state\":\"WB\",\"postal_code\":\"700003\",\"country_code\":\"US\"},\"shipping\":{\"recipient_name\":\"Abhijit Dutta\",\"line1\":\"1\\/4 Daspara Road Kolkata 700003\",\"city\":\"Kolkata\",\"country_code\":\"India\",\"postal_code\":\"700003\",\"phone\":\"7851236980\",\"state\":\"WB\"},\"shipping_method\":{\"title\":\"Free\",\"amount\":0},\"discount\":\"0.00\",\"currency\":\"USD\",\"status\":\"approved\"},\"paypal\":{\"id\":\"PAY-6VY59205LY837723ALNNQ5PY\",\"customer\":{\"email\":\"abhijit.dutta@gmail.com\",\"first_name\":\"Abhijit\",\"last_name\":\"Dutta\"},\"product\":{\"id\":4,\"title\":\"Veirdo Men\'s Cotton T-Shirt Black Maroon Casual T-Shirt\",\"bump\":{\"id\":3,\"name\":\"Urbano Fashion Men\'s Black, Grey, Yellow Round Neck Full Sleeve T-Shirt\",\"description\":\"Urbano Fashion Men\'s Black, Grey, Yellow Round Neck Full Sleeve T-Shirt\",\"quantity\":null,\"price\":\"10.00\",\"tax\":\"0.00\",\"sku\":\"\",\"currency\":\"USD\"}},\"amount\":\"22.00\",\"total_amount\":\"22.00\",\"billing\":{\"line1\":\"1\\/4 Daspara Road Kolkata 700003\",\"city\":\"Kolkata\",\"state\":\"WB\",\"postal_code\":\"700003\",\"country_code\":\"US\"},\"shipping\":{\"recipient_name\":\"Abhijit Dutta\",\"line1\":\"1\\/4 Daspara Road Kolkata 700003\",\"city\":\"Kolkata\",\"country_code\":\"India\",\"postal_code\":\"700003\",\"phone\":\"7851236980\",\"state\":\"WB\"},\"shipping_method\":{\"title\":\"Free\",\"amount\":0},\"discount\":\"0.00\",\"currency\":\"USD\",\"status\":\"approved\"}}}', '2018-07-27 06:54:21', '2018-07-27 06:54:21'),
(9, 9, 'stripe', '{\"order\":{\"info\":{\"id\":\"PAY-82X96127UD046841PLNNQ62Q\",\"customer\":{\"email\":\"munmun.personal@gmail.com\",\"first_name\":\"Munmun\",\"last_name\":\"Chakraborty\"},\"product\":{\"id\":4,\"title\":\"Veirdo Men\'s Cotton T-Shirt Black Maroon Casual T-Shirt\",\"bump\":{\"id\":3,\"name\":\"Urbano Fashion Men\'s Black, Grey, Yellow Round Neck Full Sleeve T-Shirt\",\"description\":\"Urbano Fashion Men\'s Black, Grey, Yellow Round Neck Full Sleeve T-Shirt\",\"quantity\":null,\"price\":\"10.00\",\"tax\":\"0.00\",\"sku\":\"\",\"currency\":\"USD\"}},\"amount\":\"22.00\",\"total_amount\":\"22.00\",\"billing\":{\"line1\":\"140\\/1 nabaliapara Road, Kolkata 700008\",\"city\":\"Kolkata\",\"state\":\"WB\",\"postal_code\":\"700008\",\"country_code\":\"US\"},\"shipping\":{\"recipient_name\":\"Munmun Chakraborty\",\"line1\":\"140\\/1 nabaliapara Road, Kolkata 700008\",\"city\":\"Kolkata\",\"country_code\":\"India\",\"postal_code\":\"700008\",\"phone\":\"7562147895\",\"state\":\"WB\"},\"shipping_method\":{\"title\":\"Free\",\"amount\":0},\"discount\":\"0.00\",\"currency\":\"USD\",\"status\":\"approved\"},\"paypal\":{\"id\":\"PAY-82X96127UD046841PLNNQ62Q\",\"customer\":{\"email\":\"munmun.personal@gmail.com\",\"first_name\":\"Munmun\",\"last_name\":\"Chakraborty\"},\"product\":{\"id\":4,\"title\":\"Veirdo Men\'s Cotton T-Shirt Black Maroon Casual T-Shirt\",\"bump\":{\"id\":3,\"name\":\"Urbano Fashion Men\'s Black, Grey, Yellow Round Neck Full Sleeve T-Shirt\",\"description\":\"Urbano Fashion Men\'s Black, Grey, Yellow Round Neck Full Sleeve T-Shirt\",\"quantity\":null,\"price\":\"10.00\",\"tax\":\"0.00\",\"sku\":\"\",\"currency\":\"USD\"}},\"amount\":\"22.00\",\"total_amount\":\"22.00\",\"billing\":{\"line1\":\"140\\/1 nabaliapara Road, Kolkata 700008\",\"city\":\"Kolkata\",\"state\":\"WB\",\"postal_code\":\"700008\",\"country_code\":\"US\"},\"shipping\":{\"recipient_name\":\"Munmun Chakraborty\",\"line1\":\"140\\/1 nabaliapara Road, Kolkata 700008\",\"city\":\"Kolkata\",\"country_code\":\"India\",\"postal_code\":\"700008\",\"phone\":\"7562147895\",\"state\":\"WB\"},\"shipping_method\":{\"title\":\"Free\",\"amount\":0},\"discount\":\"0.00\",\"currency\":\"USD\",\"status\":\"approved\"}}}', '2018-07-27 06:57:14', '2018-07-27 06:57:14'),
(10, 10, 'stripe', '{\"order\":{\"info\":{\"id\":\"PAY-82X96127UD046841PLNNQ62Q\",\"customer\":{\"email\":\"munmun.personal@gmail.com\",\"first_name\":\"Munmun\",\"last_name\":\"Chakraborty\"},\"product\":{\"id\":4,\"title\":\"Veirdo Men\'s Cotton T-Shirt Black Maroon Casual T-Shirt\",\"bump\":{\"id\":3,\"name\":\"Urbano Fashion Men\'s Black, Grey, Yellow Round Neck Full Sleeve T-Shirt\",\"description\":\"Urbano Fashion Men\'s Black, Grey, Yellow Round Neck Full Sleeve T-Shirt\",\"quantity\":null,\"price\":\"10.00\",\"tax\":\"0.00\",\"sku\":\"\",\"currency\":\"USD\"}},\"amount\":\"22.00\",\"total_amount\":\"22.00\",\"billing\":{\"line1\":\"140\\/1 nabaliapara Road, Kolkata 700008\",\"city\":\"Kolkata\",\"state\":\"WB\",\"postal_code\":\"700008\",\"country_code\":\"US\"},\"shipping\":{\"recipient_name\":\"Munmun Chakraborty\",\"line1\":\"140\\/1 nabaliapara Road, Kolkata 700008\",\"city\":\"Kolkata\",\"country_code\":\"India\",\"postal_code\":\"700008\",\"phone\":\"7562147895\",\"state\":\"WB\"},\"shipping_method\":{\"title\":\"Free\",\"amount\":0},\"discount\":\"0.00\",\"currency\":\"USD\",\"status\":\"approved\"},\"paypal\":{\"id\":\"PAY-82X96127UD046841PLNNQ62Q\",\"customer\":{\"email\":\"munmun.personal@gmail.com\",\"first_name\":\"Munmun\",\"last_name\":\"Chakraborty\"},\"product\":{\"id\":4,\"title\":\"Veirdo Men\'s Cotton T-Shirt Black Maroon Casual T-Shirt\",\"bump\":{\"id\":3,\"name\":\"Urbano Fashion Men\'s Black, Grey, Yellow Round Neck Full Sleeve T-Shirt\",\"description\":\"Urbano Fashion Men\'s Black, Grey, Yellow Round Neck Full Sleeve T-Shirt\",\"quantity\":null,\"price\":\"10.00\",\"tax\":\"0.00\",\"sku\":\"\",\"currency\":\"USD\"}},\"amount\":\"22.00\",\"total_amount\":\"22.00\",\"billing\":{\"line1\":\"140\\/1 nabaliapara Road, Kolkata 700008\",\"city\":\"Kolkata\",\"state\":\"WB\",\"postal_code\":\"700008\",\"country_code\":\"US\"},\"shipping\":{\"recipient_name\":\"Munmun Chakraborty\",\"line1\":\"140\\/1 nabaliapara Road, Kolkata 700008\",\"city\":\"Kolkata\",\"country_code\":\"India\",\"postal_code\":\"700008\",\"phone\":\"7562147895\",\"state\":\"WB\"},\"shipping_method\":{\"title\":\"Free\",\"amount\":0},\"discount\":\"0.00\",\"currency\":\"USD\",\"status\":\"approved\"}}}', '2018-07-27 06:57:14', '2018-07-27 06:57:14'),
(11, 11, 'stripe', '{\"order\":{\"info\":{\"id\":\"PAY-2X71097477990371HLNNRCVQ\",\"customer\":{\"email\":\"munmun.personal@gmail.com\",\"first_name\":\"Munmun\",\"last_name\":\"Chakraborty\"},\"product\":{\"id\":4,\"title\":\"Veirdo Men\'s Cotton T-Shirt Black Maroon Casual T-Shirt\",\"bump\":{\"id\":3,\"name\":\"Urbano Fashion Men\'s Black, Grey, Yellow Round Neck Full Sleeve T-Shirt\",\"description\":\"Urbano Fashion Men\'s Black, Grey, Yellow Round Neck Full Sleeve T-Shirt\",\"quantity\":null,\"price\":\"10.00\",\"tax\":\"0.00\",\"sku\":\"\",\"currency\":\"USD\"}},\"amount\":\"22.00\",\"total_amount\":\"22.00\",\"billing\":{\"line1\":\"140\\/1 nabaliapara Road Kolkata 700008\",\"city\":\"Kolkata\",\"state\":\"WB\",\"postal_code\":\"700008\",\"country_code\":\"US\"},\"shipping\":{\"recipient_name\":\"Munmun Chakraborty\",\"line1\":\"140\\/1 nabaliapara Road Kolkata 700008\",\"city\":\"Kolkata\",\"country_code\":\"India\",\"postal_code\":\"700008\",\"phone\":null,\"state\":\"WB\"},\"shipping_method\":{\"title\":\"Free\",\"amount\":0},\"discount\":\"0.00\",\"currency\":\"USD\",\"status\":\"approved\"},\"paypal\":{\"id\":\"PAY-2X71097477990371HLNNRCVQ\",\"customer\":{\"email\":\"munmun.personal@gmail.com\",\"first_name\":\"Munmun\",\"last_name\":\"Chakraborty\"},\"product\":{\"id\":4,\"title\":\"Veirdo Men\'s Cotton T-Shirt Black Maroon Casual T-Shirt\",\"bump\":{\"id\":3,\"name\":\"Urbano Fashion Men\'s Black, Grey, Yellow Round Neck Full Sleeve T-Shirt\",\"description\":\"Urbano Fashion Men\'s Black, Grey, Yellow Round Neck Full Sleeve T-Shirt\",\"quantity\":null,\"price\":\"10.00\",\"tax\":\"0.00\",\"sku\":\"\",\"currency\":\"USD\"}},\"amount\":\"22.00\",\"total_amount\":\"22.00\",\"billing\":{\"line1\":\"140\\/1 nabaliapara Road Kolkata 700008\",\"city\":\"Kolkata\",\"state\":\"WB\",\"postal_code\":\"700008\",\"country_code\":\"US\"},\"shipping\":{\"recipient_name\":\"Munmun Chakraborty\",\"line1\":\"140\\/1 nabaliapara Road Kolkata 700008\",\"city\":\"Kolkata\",\"country_code\":\"India\",\"postal_code\":\"700008\",\"phone\":null,\"state\":\"WB\"},\"shipping_method\":{\"title\":\"Free\",\"amount\":0},\"discount\":\"0.00\",\"currency\":\"USD\",\"status\":\"approved\"}}}', '2018-07-27 07:05:28', '2018-07-27 07:05:28'),
(12, 12, 'stripe', '{\"order\":{\"info\":{\"id\":\"PAY-2X71097477990371HLNNRCVQ\",\"customer\":{\"email\":\"munmun.personal@gmail.com\",\"first_name\":\"Munmun\",\"last_name\":\"Chakraborty\"},\"product\":{\"id\":4,\"title\":\"Veirdo Men\'s Cotton T-Shirt Black Maroon Casual T-Shirt\",\"bump\":{\"id\":3,\"name\":\"Urbano Fashion Men\'s Black, Grey, Yellow Round Neck Full Sleeve T-Shirt\",\"description\":\"Urbano Fashion Men\'s Black, Grey, Yellow Round Neck Full Sleeve T-Shirt\",\"quantity\":null,\"price\":\"10.00\",\"tax\":\"0.00\",\"sku\":\"\",\"currency\":\"USD\"}},\"amount\":\"22.00\",\"total_amount\":\"22.00\",\"billing\":{\"line1\":\"140\\/1 nabaliapara Road Kolkata 700008\",\"city\":\"Kolkata\",\"state\":\"WB\",\"postal_code\":\"700008\",\"country_code\":\"US\"},\"shipping\":{\"recipient_name\":\"Munmun Chakraborty\",\"line1\":\"140\\/1 nabaliapara Road Kolkata 700008\",\"city\":\"Kolkata\",\"country_code\":\"India\",\"postal_code\":\"700008\",\"phone\":null,\"state\":\"WB\"},\"shipping_method\":{\"title\":\"Free\",\"amount\":0},\"discount\":\"0.00\",\"currency\":\"USD\",\"status\":\"approved\"},\"paypal\":{\"id\":\"PAY-2X71097477990371HLNNRCVQ\",\"customer\":{\"email\":\"munmun.personal@gmail.com\",\"first_name\":\"Munmun\",\"last_name\":\"Chakraborty\"},\"product\":{\"id\":4,\"title\":\"Veirdo Men\'s Cotton T-Shirt Black Maroon Casual T-Shirt\",\"bump\":{\"id\":3,\"name\":\"Urbano Fashion Men\'s Black, Grey, Yellow Round Neck Full Sleeve T-Shirt\",\"description\":\"Urbano Fashion Men\'s Black, Grey, Yellow Round Neck Full Sleeve T-Shirt\",\"quantity\":null,\"price\":\"10.00\",\"tax\":\"0.00\",\"sku\":\"\",\"currency\":\"USD\"}},\"amount\":\"22.00\",\"total_amount\":\"22.00\",\"billing\":{\"line1\":\"140\\/1 nabaliapara Road Kolkata 700008\",\"city\":\"Kolkata\",\"state\":\"WB\",\"postal_code\":\"700008\",\"country_code\":\"US\"},\"shipping\":{\"recipient_name\":\"Munmun Chakraborty\",\"line1\":\"140\\/1 nabaliapara Road Kolkata 700008\",\"city\":\"Kolkata\",\"country_code\":\"India\",\"postal_code\":\"700008\",\"phone\":null,\"state\":\"WB\"},\"shipping_method\":{\"title\":\"Free\",\"amount\":0},\"discount\":\"0.00\",\"currency\":\"USD\",\"status\":\"approved\"}}}', '2018-07-27 07:05:28', '2018-07-27 07:05:28'),
(13, 13, 'stripe', '{\"order\":{\"info\":{\"id\":\"PAY-9EX85091953626329LNNRGPQ\",\"customer\":{\"email\":\"munmun.personal@gmail.com\",\"first_name\":\"Munmun\",\"last_name\":\"Chakraborty\"},\"product\":{\"id\":4,\"title\":\"Veirdo Men\'s Cotton T-Shirt Black Maroon Casual T-Shirt\",\"bump\":{\"id\":3,\"name\":\"Urbano Fashion Men\'s Black, Grey, Yellow Round Neck Full Sleeve T-Shirt\",\"description\":\"Urbano Fashion Men\'s Black, Grey, Yellow Round Neck Full Sleeve T-Shirt\",\"quantity\":null,\"price\":\"10.00\",\"tax\":\"0.00\",\"sku\":\"\",\"currency\":\"USD\"}},\"amount\":\"22.00\",\"total_amount\":\"22.00\",\"billing\":{\"line1\":\"1\\/2 Kolkata 700009\",\"city\":\"Kolkata\",\"state\":\"WB\",\"postal_code\":\"700009\",\"country_code\":\"US\"},\"shipping\":{\"recipient_name\":\"Abhijit Dutta\",\"line1\":\"1\\/2 Kolkata 700009\",\"city\":\"Kolkata\",\"country_code\":\"India\",\"postal_code\":\"700009\",\"phone\":\"7896541235\",\"state\":\"WB\"},\"shipping_method\":{\"title\":\"Free\",\"amount\":0},\"discount\":\"0.00\",\"currency\":\"USD\",\"status\":\"approved\"},\"paypal\":{\"id\":\"PAY-9EX85091953626329LNNRGPQ\",\"customer\":{\"email\":\"munmun.personal@gmail.com\",\"first_name\":\"Munmun\",\"last_name\":\"Chakraborty\"},\"product\":{\"id\":4,\"title\":\"Veirdo Men\'s Cotton T-Shirt Black Maroon Casual T-Shirt\",\"bump\":{\"id\":3,\"name\":\"Urbano Fashion Men\'s Black, Grey, Yellow Round Neck Full Sleeve T-Shirt\",\"description\":\"Urbano Fashion Men\'s Black, Grey, Yellow Round Neck Full Sleeve T-Shirt\",\"quantity\":null,\"price\":\"10.00\",\"tax\":\"0.00\",\"sku\":\"\",\"currency\":\"USD\"}},\"amount\":\"22.00\",\"total_amount\":\"22.00\",\"billing\":{\"line1\":\"1\\/2 Kolkata 700009\",\"city\":\"Kolkata\",\"state\":\"WB\",\"postal_code\":\"700009\",\"country_code\":\"US\"},\"shipping\":{\"recipient_name\":\"Abhijit Dutta\",\"line1\":\"1\\/2 Kolkata 700009\",\"city\":\"Kolkata\",\"country_code\":\"India\",\"postal_code\":\"700009\",\"phone\":\"7896541235\",\"state\":\"WB\"},\"shipping_method\":{\"title\":\"Free\",\"amount\":0},\"discount\":\"0.00\",\"currency\":\"USD\",\"status\":\"approved\"}}}', '2018-07-27 07:13:38', '2018-07-27 07:13:38'),
(14, 14, 'stripe', '{\"order\":{\"info\":{\"id\":\"PAY-9EX85091953626329LNNRGPQ\",\"customer\":{\"email\":\"munmun.personal@gmail.com\",\"first_name\":\"Munmun\",\"last_name\":\"Chakraborty\"},\"product\":{\"id\":4,\"title\":\"Veirdo Men\'s Cotton T-Shirt Black Maroon Casual T-Shirt\",\"bump\":{\"id\":3,\"name\":\"Urbano Fashion Men\'s Black, Grey, Yellow Round Neck Full Sleeve T-Shirt\",\"description\":\"Urbano Fashion Men\'s Black, Grey, Yellow Round Neck Full Sleeve T-Shirt\",\"quantity\":null,\"price\":\"10.00\",\"tax\":\"0.00\",\"sku\":\"\",\"currency\":\"USD\"}},\"amount\":\"22.00\",\"total_amount\":\"22.00\",\"billing\":{\"line1\":\"1\\/2 Kolkata 700009\",\"city\":\"Kolkata\",\"state\":\"WB\",\"postal_code\":\"700009\",\"country_code\":\"US\"},\"shipping\":{\"recipient_name\":\"Abhijit Dutta\",\"line1\":\"1\\/2 Kolkata 700009\",\"city\":\"Kolkata\",\"country_code\":\"India\",\"postal_code\":\"700009\",\"phone\":\"7896541235\",\"state\":\"WB\"},\"shipping_method\":{\"title\":\"Free\",\"amount\":0},\"discount\":\"0.00\",\"currency\":\"USD\",\"status\":\"approved\"},\"paypal\":{\"id\":\"PAY-9EX85091953626329LNNRGPQ\",\"customer\":{\"email\":\"munmun.personal@gmail.com\",\"first_name\":\"Munmun\",\"last_name\":\"Chakraborty\"},\"product\":{\"id\":4,\"title\":\"Veirdo Men\'s Cotton T-Shirt Black Maroon Casual T-Shirt\",\"bump\":{\"id\":3,\"name\":\"Urbano Fashion Men\'s Black, Grey, Yellow Round Neck Full Sleeve T-Shirt\",\"description\":\"Urbano Fashion Men\'s Black, Grey, Yellow Round Neck Full Sleeve T-Shirt\",\"quantity\":null,\"price\":\"10.00\",\"tax\":\"0.00\",\"sku\":\"\",\"currency\":\"USD\"}},\"amount\":\"22.00\",\"total_amount\":\"22.00\",\"billing\":{\"line1\":\"1\\/2 Kolkata 700009\",\"city\":\"Kolkata\",\"state\":\"WB\",\"postal_code\":\"700009\",\"country_code\":\"US\"},\"shipping\":{\"recipient_name\":\"Abhijit Dutta\",\"line1\":\"1\\/2 Kolkata 700009\",\"city\":\"Kolkata\",\"country_code\":\"India\",\"postal_code\":\"700009\",\"phone\":\"7896541235\",\"state\":\"WB\"},\"shipping_method\":{\"title\":\"Free\",\"amount\":0},\"discount\":\"0.00\",\"currency\":\"USD\",\"status\":\"approved\"}}}', '2018-07-27 07:13:38', '2018-07-27 07:13:38'),
(15, 15, 'stripe', '{\"order\":{\"info\":{\"id\":\"PAY-1N163229014938641LNNRHAQ\",\"customer\":{\"email\":\"munmun.personal@gmail.com\",\"first_name\":\"Munmun\",\"last_name\":\"Chakraborty\"},\"product\":{\"id\":1,\"title\":\"Try This Tshirt for Man Charcoal Grey Boat Neck Full Sleeve Tshirt\",\"bump\":[]},\"amount\":\"9.00\",\"total_amount\":\"9.00\",\"billing\":{\"line1\":\"1\\/2 Kolkata 700009\",\"city\":\"Kolkata\",\"state\":\"WB\",\"postal_code\":\"700009\",\"country_code\":\"US\"},\"shipping\":{\"recipient_name\":\"Abhijit Dutta\",\"line1\":\"1\\/2 Kolkata 700009\",\"city\":\"Kolkata\",\"country_code\":\"India\",\"postal_code\":\"700009\",\"phone\":\"7896541235\",\"state\":\"WB\"},\"shipping_method\":{\"title\":\"Free\",\"amount\":0},\"discount\":\"0.00\",\"currency\":\"USD\",\"status\":\"approved\"},\"paypal\":{\"id\":\"PAY-1N163229014938641LNNRHAQ\",\"customer\":{\"email\":\"munmun.personal@gmail.com\",\"first_name\":\"Munmun\",\"last_name\":\"Chakraborty\"},\"product\":{\"id\":1,\"title\":\"Try This Tshirt for Man Charcoal Grey Boat Neck Full Sleeve Tshirt\",\"bump\":[]},\"amount\":\"9.00\",\"total_amount\":\"9.00\",\"billing\":{\"line1\":\"1\\/2 Kolkata 700009\",\"city\":\"Kolkata\",\"state\":\"WB\",\"postal_code\":\"700009\",\"country_code\":\"US\"},\"shipping\":{\"recipient_name\":\"Abhijit Dutta\",\"line1\":\"1\\/2 Kolkata 700009\",\"city\":\"Kolkata\",\"country_code\":\"India\",\"postal_code\":\"700009\",\"phone\":\"7896541235\",\"state\":\"WB\"},\"shipping_method\":{\"title\":\"Free\",\"amount\":0},\"discount\":\"0.00\",\"currency\":\"USD\",\"status\":\"approved\"}}}', '2018-07-27 07:14:07', '2018-07-27 07:14:07'),
(16, 16, 'stripe', '{\"order\":{\"info\":{\"id\":\"PAY-3JM69183W2391783SLNNRHSQ\",\"customer\":{\"email\":\"munmun.personal@gmail.com\",\"first_name\":\"Munmun\",\"last_name\":\"Chakraborty\"},\"product\":{\"id\":3,\"title\":\"Urbano Fashion Men\'s Black, Grey, Yellow Round Neck Full Sleeve T-Shirt\",\"bump\":[]},\"amount\":\"10.00\",\"total_amount\":\"10.00\",\"billing\":{\"line1\":\"1\\/2 Kolkata 700009\",\"city\":\"Kolkata\",\"state\":\"WB\",\"postal_code\":\"700009\",\"country_code\":\"US\"},\"shipping\":{\"recipient_name\":\"Abhijit Dutta\",\"line1\":\"1\\/2 Kolkata 700009\",\"city\":\"Kolkata\",\"country_code\":\"India\",\"postal_code\":\"700009\",\"phone\":\"7896541235\",\"state\":\"WB\"},\"shipping_method\":{\"title\":\"Free\",\"amount\":0},\"discount\":\"0.00\",\"currency\":\"USD\",\"status\":\"approved\"},\"paypal\":{\"id\":\"PAY-3JM69183W2391783SLNNRHSQ\",\"customer\":{\"email\":\"munmun.personal@gmail.com\",\"first_name\":\"Munmun\",\"last_name\":\"Chakraborty\"},\"product\":{\"id\":3,\"title\":\"Urbano Fashion Men\'s Black, Grey, Yellow Round Neck Full Sleeve T-Shirt\",\"bump\":[]},\"amount\":\"10.00\",\"total_amount\":\"10.00\",\"billing\":{\"line1\":\"1\\/2 Kolkata 700009\",\"city\":\"Kolkata\",\"state\":\"WB\",\"postal_code\":\"700009\",\"country_code\":\"US\"},\"shipping\":{\"recipient_name\":\"Abhijit Dutta\",\"line1\":\"1\\/2 Kolkata 700009\",\"city\":\"Kolkata\",\"country_code\":\"India\",\"postal_code\":\"700009\",\"phone\":\"7896541235\",\"state\":\"WB\"},\"shipping_method\":{\"title\":\"Free\",\"amount\":0},\"discount\":\"0.00\",\"currency\":\"USD\",\"status\":\"approved\"}}}', '2018-07-27 07:15:20', '2018-07-27 07:15:20'),
(17, 17, 'shopify', '{\"order\":{\"stripe\":{\"charge_id\":\"ch_1CsVvvJQF5okAo8f24Nyj871\",\"customer\":{\"customer\":\"cus_DJ8ClTcU53zaNY\",\"email\":\"chakraborty.education@gmail.com\",\"first_name\":\"Sourav\",\"last_name\":\"Chakraborty\"},\"product\":{\"id\":11602315221,\"title\":\"2pcs\\/set Gold Silver Color Dog Bone Best Friends Charm Necklace and Keychain Handstamped BFF Bones Friendship Jewelry\",\"bump\":[]},\"amount\":1999,\"total_amount\":19.99,\"balance_transaction\":\"txn_1CsVvwJQF5okAo8fPoyTNp0S\",\"billing\":{\"first_name\":\"Sourav\",\"last_name\":\"Chakraborty\",\"address1\":\"140\\/1 nabaliapara Road Kolkata 700008\",\"phone\":\"7418529630\",\"city\":\"Kolkata\",\"province\":\"Wb\",\"country\":\"India\",\"zip\":\"700008\"},\"shipping\":{\"first_name\":\"Sourav\",\"last_name\":\"Chakraborty\",\"address1\":\"140\\/1 nabaliapara Road Kolkata 700008\",\"phone\":\"7418529630\",\"city\":\"Kolkata\",\"province\":\"Wb\",\"country\":\"India\",\"zip\":\"700008\"},\"shipping_method\":{\"title\":\"Free\",\"amount\":0},\"discount\":\"0.00\",\"source\":\"card_1CsVvsJQF5okAo8flpIaIdQL\",\"currency\":\"usd\",\"status\":\"succeeded\"},\"shopify\":{\"transaction_id\":722235424858,\"order_id\":562108203098,\"customer\":{\"id\":6751175701,\"email\":\"chakraborty.education@gmail.com\",\"first_name\":\"Sourav\",\"last_name\":\"Chakraborty\"},\"line_items\":[{\"id\":1396239695962,\"variant_id\":51105885781,\"title\":\"2pcs\\/set Gold Silver Color Dog Bone Best Friends Charm Necklace and Keychain Handstamped BFF Bones Friendship Jewelry\",\"quantity\":1,\"price\":\"19.99\",\"sku\":\"2287630-style3\",\"variant_title\":\"style3\",\"vendor\":\"Shobaan\",\"fulfillment_service\":\"manual\",\"product_id\":11602315221,\"requires_shipping\":true,\"taxable\":false,\"gift_card\":false,\"name\":\"2pcs\\/set Gold Silver Color Dog Bone Best Friends Charm Necklace and Keychain Handstamped BFF Bones Friendship Jewelry - style3\",\"variant_inventory_management\":\"shopify\",\"properties\":[],\"product_exists\":true,\"fulfillable_quantity\":0,\"grams\":0,\"total_discount\":\"0.00\",\"fulfillment_status\":\"fulfilled\",\"discount_allocations\":[],\"admin_graphql_api_id\":\"gid:\\/\\/shopify\\/LineItem\\/1396239695962\",\"tax_lines\":[]}],\"total_price\":\"19.99\",\"subtotal_price\":\"19.99\",\"total_tax\":\"0.00\",\"bump\":[],\"amount\":\"19.99\",\"currency\":\"USD\",\"source\":\"1818945\",\"billing\":{\"first_name\":\"Sourav\",\"last_name\":\"Chakraborty\",\"address1\":\"140\\/1 nabaliapara Road Kolkata 700008\",\"phone\":\"7418529630\",\"city\":\"Kolkata\",\"province\":\"Wb\",\"country\":\"India\",\"zip\":\"700008\"},\"shipping\":{\"first_name\":\"Sourav\",\"last_name\":\"Chakraborty\",\"address1\":\"140\\/1 nabaliapara Road Kolkata 700008\",\"phone\":\"7418529630\",\"city\":\"Kolkata\",\"province\":\"Wb\",\"country\":\"India\",\"zip\":\"700008\"},\"shipping_method\":{\"title\":\"Free\",\"amount\":0},\"discount\":\"0.00\",\"status\":\"success\"}}}', '2018-07-27 07:54:45', '2018-07-27 07:54:45'),
(19, 19, 'shopify', '{\"order\":{\"stripe\":{\"charge_id\":\"ch_1CsW4PJQF5okAo8fdzCSNizR\",\"customer\":{\"customer\":\"cus_DJ8L02sAKCLs72\",\"email\":\"chakraborty.education@gmail.com\",\"first_name\":\"Sourav\",\"last_name\":\"Chakraborty\"},\"product\":{\"id\":11602315221,\"title\":\"2pcs\\/set Gold Silver Color Dog Bone Best Friends Charm Necklace and Keychain Handstamped BFF Bones Friendship Jewelry\",\"bump\":{\"product\":{\"id\":11602337429,\"title\":\"Dog Paw Print Heart Necklace for Women\",\"amount\":\"19.99\"}}},\"amount\":1999,\"total_amount\":39.98,\"balance_transaction\":\"txn_1CsW4QJQF5okAo8fUk7r5EWL\",\"billing\":{\"first_name\":\"Sourav\",\"last_name\":\"Chakraborty\",\"address1\":\"140\\/1 Nabaliapara Road kolkata 700008\",\"phone\":\"8527419630\",\"city\":\"Kolkata\",\"province\":\"WB\",\"country\":\"India\",\"zip\":\"700008\"},\"shipping\":{\"first_name\":\"Sourav\",\"last_name\":\"Chakraborty\",\"address1\":\"140\\/1 Nabaliapara Road kolkata 700008\",\"phone\":\"8527419630\",\"city\":\"Kolkata\",\"province\":\"WB\",\"country\":\"India\",\"zip\":\"700008\"},\"shipping_method\":{\"title\":\"Free\",\"amount\":0},\"discount\":\"0.00\",\"source\":\"card_1CsW4MJQF5okAo8f7wYK2sLT\",\"currency\":\"usd\",\"status\":\"succeeded\"},\"shopify\":{\"transaction_id\":722242306138,\"order_id\":562113478746,\"customer\":{\"id\":6751175701,\"email\":\"chakraborty.education@gmail.com\",\"first_name\":\"Sourav\",\"last_name\":\"Chakraborty\"},\"line_items\":[{\"id\":1396249428058,\"variant_id\":51105885845,\"title\":\"2pcs\\/set Gold Silver Color Dog Bone Best Friends Charm Necklace and Keychain Handstamped BFF Bones Friendship Jewelry\",\"quantity\":1,\"price\":\"19.99\",\"sku\":\"2287630-style4\",\"variant_title\":\"style4\",\"vendor\":\"Shobaan\",\"fulfillment_service\":\"manual\",\"product_id\":11602315221,\"requires_shipping\":true,\"taxable\":false,\"gift_card\":false,\"name\":\"2pcs\\/set Gold Silver Color Dog Bone Best Friends Charm Necklace and Keychain Handstamped BFF Bones Friendship Jewelry - style4\",\"variant_inventory_management\":\"shopify\",\"properties\":[],\"product_exists\":true,\"fulfillable_quantity\":0,\"grams\":0,\"total_discount\":\"0.00\",\"fulfillment_status\":\"fulfilled\",\"discount_allocations\":[],\"admin_graphql_api_id\":\"gid:\\/\\/shopify\\/LineItem\\/1396249428058\",\"tax_lines\":[]},{\"id\":1396249460826,\"variant_id\":51106298325,\"title\":\"Dog Paw Print Heart Necklace for Women\",\"quantity\":1,\"price\":\"19.99\",\"sku\":\"556647-gold-color\",\"variant_title\":\"Gold-color\",\"vendor\":\"Shobaan\",\"fulfillment_service\":\"manual\",\"product_id\":11602337429,\"requires_shipping\":true,\"taxable\":false,\"gift_card\":false,\"name\":\"Dog Paw Print Heart Necklace for Women - Gold-color\",\"variant_inventory_management\":\"shopify\",\"properties\":[],\"product_exists\":true,\"fulfillable_quantity\":0,\"grams\":0,\"total_discount\":\"0.00\",\"fulfillment_status\":\"fulfilled\",\"discount_allocations\":[],\"admin_graphql_api_id\":\"gid:\\/\\/shopify\\/LineItem\\/1396249460826\",\"tax_lines\":[]}],\"total_price\":\"39.98\",\"subtotal_price\":\"39.98\",\"total_tax\":\"0.00\",\"bump\":{\"id\":11602337429,\"title\":\"Dog Paw Print Heart Necklace for Women\",\"amount\":\"19.99\"},\"amount\":\"39.98\",\"currency\":\"USD\",\"source\":\"1818945\",\"billing\":{\"first_name\":\"Sourav\",\"last_name\":\"Chakraborty\",\"address1\":\"140\\/1 Nabaliapara Road kolkata 700008\",\"phone\":\"8527419630\",\"city\":\"Kolkata\",\"province\":\"WB\",\"country\":\"India\",\"zip\":\"700008\"},\"shipping\":{\"first_name\":\"Sourav\",\"last_name\":\"Chakraborty\",\"address1\":\"140\\/1 Nabaliapara Road kolkata 700008\",\"phone\":\"8527419630\",\"city\":\"Kolkata\",\"province\":\"WB\",\"country\":\"India\",\"zip\":\"700008\"},\"shipping_method\":{\"title\":\"Free\",\"amount\":0},\"discount\":\"0.00\",\"status\":\"success\"}}}', '2018-07-27 08:03:33', '2018-07-27 08:03:33'),
(20, 20, 'shopify', '{\"order\":{\"stripe\":{\"charge_id\":\"ch_1CsW4PJQF5okAo8fdzCSNizR\",\"customer\":{\"customer\":\"cus_DJ8L02sAKCLs72\",\"email\":\"chakraborty.education@gmail.com\",\"first_name\":\"Sourav\",\"last_name\":\"Chakraborty\"},\"product\":{\"id\":11602315221,\"title\":\"2pcs\\/set Gold Silver Color Dog Bone Best Friends Charm Necklace and Keychain Handstamped BFF Bones Friendship Jewelry\",\"bump\":{\"product\":{\"id\":11602337429,\"title\":\"Dog Paw Print Heart Necklace for Women\",\"amount\":\"19.99\"}}},\"amount\":1999,\"total_amount\":39.98,\"balance_transaction\":\"txn_1CsW4QJQF5okAo8fUk7r5EWL\",\"billing\":{\"first_name\":\"Sourav\",\"last_name\":\"Chakraborty\",\"address1\":\"140\\/1 Nabaliapara Road kolkata 700008\",\"phone\":\"8527419630\",\"city\":\"Kolkata\",\"province\":\"WB\",\"country\":\"India\",\"zip\":\"700008\"},\"shipping\":{\"first_name\":\"Sourav\",\"last_name\":\"Chakraborty\",\"address1\":\"140\\/1 Nabaliapara Road kolkata 700008\",\"phone\":\"8527419630\",\"city\":\"Kolkata\",\"province\":\"WB\",\"country\":\"India\",\"zip\":\"700008\"},\"shipping_method\":{\"title\":\"Free\",\"amount\":0},\"discount\":\"0.00\",\"source\":\"card_1CsW4MJQF5okAo8f7wYK2sLT\",\"currency\":\"usd\",\"status\":\"succeeded\"},\"shopify\":{\"transaction_id\":722242306138,\"order_id\":562113478746,\"customer\":{\"id\":6751175701,\"email\":\"chakraborty.education@gmail.com\",\"first_name\":\"Sourav\",\"last_name\":\"Chakraborty\"},\"line_items\":[{\"id\":1396249428058,\"variant_id\":51105885845,\"title\":\"2pcs\\/set Gold Silver Color Dog Bone Best Friends Charm Necklace and Keychain Handstamped BFF Bones Friendship Jewelry\",\"quantity\":1,\"price\":\"19.99\",\"sku\":\"2287630-style4\",\"variant_title\":\"style4\",\"vendor\":\"Shobaan\",\"fulfillment_service\":\"manual\",\"product_id\":11602315221,\"requires_shipping\":true,\"taxable\":false,\"gift_card\":false,\"name\":\"2pcs\\/set Gold Silver Color Dog Bone Best Friends Charm Necklace and Keychain Handstamped BFF Bones Friendship Jewelry - style4\",\"variant_inventory_management\":\"shopify\",\"properties\":[],\"product_exists\":true,\"fulfillable_quantity\":0,\"grams\":0,\"total_discount\":\"0.00\",\"fulfillment_status\":\"fulfilled\",\"discount_allocations\":[],\"admin_graphql_api_id\":\"gid:\\/\\/shopify\\/LineItem\\/1396249428058\",\"tax_lines\":[]},{\"id\":1396249460826,\"variant_id\":51106298325,\"title\":\"Dog Paw Print Heart Necklace for Women\",\"quantity\":1,\"price\":\"19.99\",\"sku\":\"556647-gold-color\",\"variant_title\":\"Gold-color\",\"vendor\":\"Shobaan\",\"fulfillment_service\":\"manual\",\"product_id\":11602337429,\"requires_shipping\":true,\"taxable\":false,\"gift_card\":false,\"name\":\"Dog Paw Print Heart Necklace for Women - Gold-color\",\"variant_inventory_management\":\"shopify\",\"properties\":[],\"product_exists\":true,\"fulfillable_quantity\":0,\"grams\":0,\"total_discount\":\"0.00\",\"fulfillment_status\":\"fulfilled\",\"discount_allocations\":[],\"admin_graphql_api_id\":\"gid:\\/\\/shopify\\/LineItem\\/1396249460826\",\"tax_lines\":[]}],\"total_price\":\"39.98\",\"subtotal_price\":\"39.98\",\"total_tax\":\"0.00\",\"bump\":{\"id\":11602337429,\"title\":\"Dog Paw Print Heart Necklace for Women\",\"amount\":\"19.99\"},\"amount\":\"39.98\",\"currency\":\"USD\",\"source\":\"1818945\",\"billing\":{\"first_name\":\"Sourav\",\"last_name\":\"Chakraborty\",\"address1\":\"140\\/1 Nabaliapara Road kolkata 700008\",\"phone\":\"8527419630\",\"city\":\"Kolkata\",\"province\":\"WB\",\"country\":\"India\",\"zip\":\"700008\"},\"shipping\":{\"first_name\":\"Sourav\",\"last_name\":\"Chakraborty\",\"address1\":\"140\\/1 Nabaliapara Road kolkata 700008\",\"phone\":\"8527419630\",\"city\":\"Kolkata\",\"province\":\"WB\",\"country\":\"India\",\"zip\":\"700008\"},\"shipping_method\":{\"title\":\"Free\",\"amount\":0},\"discount\":\"0.00\",\"status\":\"success\"}}}', '2018-07-27 08:03:33', '2018-07-27 08:03:33'),
(21, 21, 'shopify', '{\"order\":{\"stripe\":{\"charge_id\":\"ch_1CsW4iJQF5okAo8fv0O3RqLH\",\"customer\":{\"customer\":\"cus_DJ8L02sAKCLs72\",\"email\":\"chakraborty.education@gmail.com\",\"first_name\":\"Sourav\",\"last_name\":\"Chakraborty\"},\"product\":{\"id\":11699681877,\"title\":\"Dog Lion Wigs Mane Hair for Halloween\",\"bump\":[]},\"amount\":1999,\"total_amount\":19.99,\"balance_transaction\":\"txn_1CsW4iJQF5okAo8fZVV9tIZS\",\"billing\":{\"first_name\":\"Sourav\",\"last_name\":\"Chakraborty\",\"address1\":\"140\\/1 Nabaliapara Road kolkata 700008\",\"phone\":\"8527419630\",\"city\":\"Kolkata\",\"province\":\"WB\",\"country\":\"India\",\"zip\":\"700008\"},\"shipping\":{\"first_name\":\"Sourav\",\"last_name\":\"Chakraborty\",\"address1\":\"140\\/1 Nabaliapara Road kolkata 700008\",\"phone\":\"8527419630\",\"city\":\"Kolkata\",\"province\":\"WB\",\"country\":\"India\",\"zip\":\"700008\"},\"shipping_method\":{\"title\":\"Free\",\"amount\":0},\"discount\":\"0.00\",\"source\":\"card_1CsW4MJQF5okAo8f7wYK2sLT\",\"currency\":\"usd\",\"status\":\"succeeded\"},\"shopify\":{\"transaction_id\":722242535514,\"order_id\":562113642586,\"customer\":{\"id\":6751175701,\"email\":\"chakraborty.education@gmail.com\",\"first_name\":\"Sourav\",\"last_name\":\"Chakraborty\"},\"line_items\":[{\"id\":1396249755738,\"variant_id\":52240280021,\"title\":\"Dog Lion Wigs Mane Hair for Halloween\",\"quantity\":1,\"price\":\"19.99\",\"sku\":\"8974859-burgundy-l\",\"variant_title\":null,\"vendor\":\"Shobaan\",\"fulfillment_service\":\"manual\",\"product_id\":11699681877,\"requires_shipping\":true,\"taxable\":false,\"gift_card\":false,\"name\":\"Dog Lion Wigs Mane Hair for Halloween\",\"variant_inventory_management\":\"shopify\",\"properties\":[],\"product_exists\":true,\"fulfillable_quantity\":0,\"grams\":0,\"total_discount\":\"0.00\",\"fulfillment_status\":\"fulfilled\",\"discount_allocations\":[],\"admin_graphql_api_id\":\"gid:\\/\\/shopify\\/LineItem\\/1396249755738\",\"tax_lines\":[]}],\"total_price\":\"19.99\",\"subtotal_price\":\"19.99\",\"total_tax\":\"0.00\",\"bump\":[],\"amount\":\"19.99\",\"currency\":\"USD\",\"source\":\"1818945\",\"billing\":{\"first_name\":\"Sourav\",\"last_name\":\"Chakraborty\",\"address1\":\"140\\/1 Nabaliapara Road kolkata 700008\",\"phone\":\"8527419630\",\"city\":\"Kolkata\",\"province\":\"WB\",\"country\":\"India\",\"zip\":\"700008\"},\"shipping\":{\"first_name\":\"Sourav\",\"last_name\":\"Chakraborty\",\"address1\":\"140\\/1 Nabaliapara Road kolkata 700008\",\"phone\":\"8527419630\",\"city\":\"Kolkata\",\"province\":\"WB\",\"country\":\"India\",\"zip\":\"700008\"},\"shipping_method\":{\"title\":\"Free\",\"amount\":0},\"discount\":\"0.00\",\"status\":\"success\"}}}', '2018-07-27 08:03:49', '2018-07-27 08:03:49');
INSERT INTO `order_details` (`id`, `order_id`, `type`, `details`, `created_at`, `updated_at`) VALUES
(22, 22, 'shopify', '{\"order\":{\"stripe\":{\"charge_id\":\"ch_1CsW4yJQF5okAo8f40pDSz83\",\"customer\":{\"customer\":\"cus_DJ8L02sAKCLs72\",\"email\":\"chakraborty.education@gmail.com\",\"first_name\":\"Sourav\",\"last_name\":\"Chakraborty\"},\"product\":{\"id\":11602302677,\"title\":\"Paw Silver Necklace Dog Bone Tag 18 inch Pendant Necklace\",\"bump\":[]},\"amount\":1999,\"total_amount\":19.99,\"balance_transaction\":\"txn_1CsW4yJQF5okAo8f5asv6fJH\",\"billing\":{\"first_name\":\"Sourav\",\"last_name\":\"Chakraborty\",\"address1\":\"140\\/1 Nabaliapara Road kolkata 700008\",\"phone\":\"8527419630\",\"city\":\"Kolkata\",\"province\":\"WB\",\"country\":\"India\",\"zip\":\"700008\"},\"shipping\":{\"first_name\":\"Sourav\",\"last_name\":\"Chakraborty\",\"address1\":\"140\\/1 Nabaliapara Road kolkata 700008\",\"phone\":\"8527419630\",\"city\":\"Kolkata\",\"province\":\"WB\",\"country\":\"India\",\"zip\":\"700008\"},\"shipping_method\":{\"title\":\"Free\",\"amount\":0},\"discount\":\"0.00\",\"source\":\"card_1CsW4MJQF5okAo8f7wYK2sLT\",\"currency\":\"usd\",\"status\":\"succeeded\"},\"shopify\":{\"transaction_id\":722242699354,\"order_id\":562113708122,\"customer\":{\"id\":6751175701,\"email\":\"chakraborty.education@gmail.com\",\"first_name\":\"Sourav\",\"last_name\":\"Chakraborty\"},\"line_items\":[{\"id\":1396249821274,\"variant_id\":51105622165,\"title\":\"Paw Silver Necklace Dog Bone Tag 18 inch Pendant Necklace\",\"quantity\":1,\"price\":\"19.99\",\"sku\":\"1748568-silver-plated\",\"variant_title\":null,\"vendor\":\"Shobaan\",\"fulfillment_service\":\"manual\",\"product_id\":11602302677,\"requires_shipping\":true,\"taxable\":false,\"gift_card\":false,\"name\":\"Paw Silver Necklace Dog Bone Tag 18 inch Pendant Necklace\",\"variant_inventory_management\":\"shopify\",\"properties\":[],\"product_exists\":true,\"fulfillable_quantity\":0,\"grams\":0,\"total_discount\":\"0.00\",\"fulfillment_status\":\"fulfilled\",\"discount_allocations\":[],\"admin_graphql_api_id\":\"gid:\\/\\/shopify\\/LineItem\\/1396249821274\",\"tax_lines\":[]}],\"total_price\":\"19.99\",\"subtotal_price\":\"19.99\",\"total_tax\":\"0.00\",\"bump\":[],\"amount\":\"19.99\",\"currency\":\"USD\",\"source\":\"1818945\",\"billing\":{\"first_name\":\"Sourav\",\"last_name\":\"Chakraborty\",\"address1\":\"140\\/1 Nabaliapara Road kolkata 700008\",\"phone\":\"8527419630\",\"city\":\"Kolkata\",\"province\":\"WB\",\"country\":\"India\",\"zip\":\"700008\"},\"shipping\":{\"first_name\":\"Sourav\",\"last_name\":\"Chakraborty\",\"address1\":\"140\\/1 Nabaliapara Road kolkata 700008\",\"phone\":\"8527419630\",\"city\":\"Kolkata\",\"province\":\"WB\",\"country\":\"India\",\"zip\":\"700008\"},\"shipping_method\":{\"title\":\"Free\",\"amount\":0},\"discount\":\"0.00\",\"status\":\"success\"}}}', '2018-07-27 08:04:05', '2018-07-27 08:04:05'),
(23, 23, 'shopify', '{\"order\":{\"shopify\":{\"transaction_id\":722255773786,\"order_id\":562123636826,\"customer\":{\"id\":6829911253,\"email\":\"munmun.personal@gmail.com\",\"first_name\":\"\",\"last_name\":\"\"},\"line_items\":[{\"id\":1396269875290,\"variant_id\":51105885781,\"title\":\"2pcs\\/set Gold Silver Color Dog Bone Best Friends Charm Necklace and Keychain Handstamped BFF Bones Friendship Jewelry\",\"quantity\":1,\"price\":\"19.99\",\"sku\":\"2287630-style3\",\"variant_title\":\"style3\",\"vendor\":\"Shobaan\",\"fulfillment_service\":\"manual\",\"product_id\":11602315221,\"requires_shipping\":true,\"taxable\":false,\"gift_card\":false,\"name\":\"2pcs\\/set Gold Silver Color Dog Bone Best Friends Charm Necklace and Keychain Handstamped BFF Bones Friendship Jewelry - style3\",\"variant_inventory_management\":\"shopify\",\"properties\":[],\"product_exists\":true,\"fulfillable_quantity\":0,\"grams\":0,\"total_discount\":\"0.00\",\"fulfillment_status\":\"fulfilled\",\"discount_allocations\":[],\"admin_graphql_api_id\":\"gid:\\/\\/shopify\\/LineItem\\/1396269875290\",\"tax_lines\":[]},{\"id\":1396269908058,\"variant_id\":51106298325,\"title\":\"Dog Paw Print Heart Necklace for Women\",\"quantity\":1,\"price\":\"19.99\",\"sku\":\"556647-gold-color\",\"variant_title\":\"Gold-color\",\"vendor\":\"Shobaan\",\"fulfillment_service\":\"manual\",\"product_id\":11602337429,\"requires_shipping\":true,\"taxable\":false,\"gift_card\":false,\"name\":\"Dog Paw Print Heart Necklace for Women - Gold-color\",\"variant_inventory_management\":\"shopify\",\"properties\":[],\"product_exists\":true,\"fulfillable_quantity\":0,\"grams\":0,\"total_discount\":\"0.00\",\"fulfillment_status\":\"fulfilled\",\"discount_allocations\":[],\"admin_graphql_api_id\":\"gid:\\/\\/shopify\\/LineItem\\/1396269908058\",\"tax_lines\":[]}],\"total_price\":\"39.98\",\"subtotal_price\":\"39.98\",\"total_tax\":\"0.00\",\"bump\":{\"id\":11602337429,\"title\":\"Dog Paw Print Heart Necklace for Women\",\"amount\":\"19.99\"},\"amount\":\"39.98\",\"currency\":\"USD\",\"source\":\"1818945\",\"billing\":{\"line1\":\"140\\/2 Sahapara Road Kolkata 700009\",\"city\":\"Kolkata\",\"state\":\"WB\",\"postal_code\":\"700009\",\"country_code\":\"US\"},\"shipping\":{\"recipient_name\":\"Suresh Saha\",\"line1\":\"140\\/2 Sahapara Road Kolkata 700009\",\"city\":\"Kolkata\",\"country_code\":\"India\",\"postal_code\":\"700009\",\"phone\":\"7418529510\",\"state\":\"WB\"},\"shipping_method\":{\"title\":\"Free\",\"amount\":0},\"discount\":\"0.00\",\"status\":\"success\"},\"paypal\":{\"id\":\"PAY-59966430BT432271NLNNSFEQ\",\"customer\":{\"email\":\"munmun.personal@gmail.com\",\"first_name\":\"Munmun\",\"last_name\":\"Chakraborty\"},\"product\":{\"id\":11602315221,\"title\":\"2pcs\\/set Gold Silver Color Dog Bone Best Friends Charm Necklace and Keychain Handstamped BFF Bones Friendship Jewelry\",\"bump\":{\"id\":11602337429,\"name\":\"Dog Paw Print Heart Necklace for Women\",\"description\":\"Dog Paw Print Heart Necklace for Women\",\"quantity\":null,\"price\":\"19.99\",\"tax\":\"0.00\",\"sku\":\"\",\"currency\":\"USD\"}},\"amount\":\"39.98\",\"total_amount\":\"39.98\",\"billing\":{\"line1\":\"140\\/2 Sahapara Road Kolkata 700009\",\"city\":\"Kolkata\",\"state\":\"WB\",\"postal_code\":\"700009\",\"country_code\":\"US\"},\"shipping\":{\"recipient_name\":\"Suresh Saha\",\"line1\":\"140\\/2 Sahapara Road Kolkata 700009\",\"city\":\"Kolkata\",\"country_code\":\"India\",\"postal_code\":\"700009\",\"phone\":\"7418529510\",\"state\":\"WB\"},\"shipping_method\":{\"title\":\"Free\",\"amount\":0},\"discount\":\"0.00\",\"currency\":\"USD\",\"status\":\"approved\"}}}', '2018-07-27 08:19:04', '2018-07-27 08:19:04'),
(24, 24, 'shopify', '{\"order\":{\"shopify\":{\"transaction_id\":722255773786,\"order_id\":562123636826,\"customer\":{\"id\":6829911253,\"email\":\"munmun.personal@gmail.com\",\"first_name\":\"\",\"last_name\":\"\"},\"line_items\":[{\"id\":1396269875290,\"variant_id\":51105885781,\"title\":\"2pcs\\/set Gold Silver Color Dog Bone Best Friends Charm Necklace and Keychain Handstamped BFF Bones Friendship Jewelry\",\"quantity\":1,\"price\":\"19.99\",\"sku\":\"2287630-style3\",\"variant_title\":\"style3\",\"vendor\":\"Shobaan\",\"fulfillment_service\":\"manual\",\"product_id\":11602315221,\"requires_shipping\":true,\"taxable\":false,\"gift_card\":false,\"name\":\"2pcs\\/set Gold Silver Color Dog Bone Best Friends Charm Necklace and Keychain Handstamped BFF Bones Friendship Jewelry - style3\",\"variant_inventory_management\":\"shopify\",\"properties\":[],\"product_exists\":true,\"fulfillable_quantity\":0,\"grams\":0,\"total_discount\":\"0.00\",\"fulfillment_status\":\"fulfilled\",\"discount_allocations\":[],\"admin_graphql_api_id\":\"gid:\\/\\/shopify\\/LineItem\\/1396269875290\",\"tax_lines\":[]},{\"id\":1396269908058,\"variant_id\":51106298325,\"title\":\"Dog Paw Print Heart Necklace for Women\",\"quantity\":1,\"price\":\"19.99\",\"sku\":\"556647-gold-color\",\"variant_title\":\"Gold-color\",\"vendor\":\"Shobaan\",\"fulfillment_service\":\"manual\",\"product_id\":11602337429,\"requires_shipping\":true,\"taxable\":false,\"gift_card\":false,\"name\":\"Dog Paw Print Heart Necklace for Women - Gold-color\",\"variant_inventory_management\":\"shopify\",\"properties\":[],\"product_exists\":true,\"fulfillable_quantity\":0,\"grams\":0,\"total_discount\":\"0.00\",\"fulfillment_status\":\"fulfilled\",\"discount_allocations\":[],\"admin_graphql_api_id\":\"gid:\\/\\/shopify\\/LineItem\\/1396269908058\",\"tax_lines\":[]}],\"total_price\":\"39.98\",\"subtotal_price\":\"39.98\",\"total_tax\":\"0.00\",\"bump\":{\"id\":11602337429,\"title\":\"Dog Paw Print Heart Necklace for Women\",\"amount\":\"19.99\"},\"amount\":\"39.98\",\"currency\":\"USD\",\"source\":\"1818945\",\"billing\":{\"line1\":\"140\\/2 Sahapara Road Kolkata 700009\",\"city\":\"Kolkata\",\"state\":\"WB\",\"postal_code\":\"700009\",\"country_code\":\"US\"},\"shipping\":{\"recipient_name\":\"Suresh Saha\",\"line1\":\"140\\/2 Sahapara Road Kolkata 700009\",\"city\":\"Kolkata\",\"country_code\":\"India\",\"postal_code\":\"700009\",\"phone\":\"7418529510\",\"state\":\"WB\"},\"shipping_method\":{\"title\":\"Free\",\"amount\":0},\"discount\":\"0.00\",\"status\":\"success\"},\"paypal\":{\"id\":\"PAY-59966430BT432271NLNNSFEQ\",\"customer\":{\"email\":\"munmun.personal@gmail.com\",\"first_name\":\"Munmun\",\"last_name\":\"Chakraborty\"},\"product\":{\"id\":11602315221,\"title\":\"2pcs\\/set Gold Silver Color Dog Bone Best Friends Charm Necklace and Keychain Handstamped BFF Bones Friendship Jewelry\",\"bump\":{\"id\":11602337429,\"name\":\"Dog Paw Print Heart Necklace for Women\",\"description\":\"Dog Paw Print Heart Necklace for Women\",\"quantity\":null,\"price\":\"19.99\",\"tax\":\"0.00\",\"sku\":\"\",\"currency\":\"USD\"}},\"amount\":\"39.98\",\"total_amount\":\"39.98\",\"billing\":{\"line1\":\"140\\/2 Sahapara Road Kolkata 700009\",\"city\":\"Kolkata\",\"state\":\"WB\",\"postal_code\":\"700009\",\"country_code\":\"US\"},\"shipping\":{\"recipient_name\":\"Suresh Saha\",\"line1\":\"140\\/2 Sahapara Road Kolkata 700009\",\"city\":\"Kolkata\",\"country_code\":\"India\",\"postal_code\":\"700009\",\"phone\":\"7418529510\",\"state\":\"WB\"},\"shipping_method\":{\"title\":\"Free\",\"amount\":0},\"discount\":\"0.00\",\"currency\":\"USD\",\"status\":\"approved\"}}}', '2018-07-27 08:19:04', '2018-07-27 08:19:04'),
(25, 25, 'shopify', '{\"order\":{\"shopify\":{\"transaction_id\":722256396378,\"order_id\":562124128346,\"customer\":{\"id\":6829911253,\"email\":\"munmun.personal@gmail.com\",\"first_name\":\"\",\"last_name\":\"\"},\"line_items\":[{\"id\":1396270727258,\"variant_id\":52240280021,\"title\":\"Dog Lion Wigs Mane Hair for Halloween\",\"quantity\":1,\"price\":\"19.99\",\"sku\":\"8974859-burgundy-l\",\"variant_title\":null,\"vendor\":\"Shobaan\",\"fulfillment_service\":\"manual\",\"product_id\":11699681877,\"requires_shipping\":true,\"taxable\":false,\"gift_card\":false,\"name\":\"Dog Lion Wigs Mane Hair for Halloween\",\"variant_inventory_management\":\"shopify\",\"properties\":[],\"product_exists\":true,\"fulfillable_quantity\":0,\"grams\":0,\"total_discount\":\"0.00\",\"fulfillment_status\":\"fulfilled\",\"discount_allocations\":[],\"admin_graphql_api_id\":\"gid:\\/\\/shopify\\/LineItem\\/1396270727258\",\"tax_lines\":[]}],\"total_price\":\"19.99\",\"subtotal_price\":\"19.99\",\"total_tax\":\"0.00\",\"bump\":[],\"amount\":\"19.99\",\"currency\":\"USD\",\"source\":\"1818945\",\"billing\":{\"line1\":\"140\\/2 Sahapara Road Kolkata 700009\",\"city\":\"Kolkata\",\"state\":\"WB\",\"postal_code\":\"700009\",\"country_code\":\"US\"},\"shipping\":{\"recipient_name\":\"Suresh Saha\",\"line1\":\"140\\/2 Sahapara Road Kolkata 700009\",\"city\":\"Kolkata\",\"country_code\":\"India\",\"postal_code\":\"700009\",\"phone\":\"7418529510\",\"state\":\"WB\"},\"shipping_method\":{\"title\":\"Free\",\"amount\":0},\"discount\":\"0.00\",\"status\":\"success\"},\"paypal\":{\"id\":\"PAY-3H948763X4363974KLNNSFWY\",\"customer\":{\"email\":\"munmun.personal@gmail.com\",\"first_name\":\"Munmun\",\"last_name\":\"Chakraborty\"},\"product\":{\"id\":11699681877,\"title\":\"Dog Lion Wigs Mane Hair for Halloween\",\"bump\":[]},\"amount\":\"19.99\",\"total_amount\":\"19.99\",\"billing\":{\"line1\":\"140\\/2 Sahapara Road Kolkata 700009\",\"city\":\"Kolkata\",\"state\":\"WB\",\"postal_code\":\"700009\",\"country_code\":\"US\"},\"shipping\":{\"recipient_name\":\"Suresh Saha\",\"line1\":\"140\\/2 Sahapara Road Kolkata 700009\",\"city\":\"Kolkata\",\"country_code\":\"India\",\"postal_code\":\"700009\",\"phone\":\"7418529510\",\"state\":\"WB\"},\"shipping_method\":{\"title\":\"Free\",\"amount\":0},\"discount\":\"0.00\",\"currency\":\"USD\",\"status\":\"approved\"}}}', '2018-07-27 08:19:42', '2018-07-27 08:19:42'),
(26, 26, 'shopify', '{\"order\":{\"shopify\":{\"transaction_id\":722256855130,\"order_id\":562124488794,\"customer\":{\"id\":6829911253,\"email\":\"munmun.personal@gmail.com\",\"first_name\":\"\",\"last_name\":\"\"},\"line_items\":[{\"id\":1396271349850,\"variant_id\":51105622165,\"title\":\"Paw Silver Necklace Dog Bone Tag 18 inch Pendant Necklace\",\"quantity\":1,\"price\":\"19.99\",\"sku\":\"1748568-silver-plated\",\"variant_title\":null,\"vendor\":\"Shobaan\",\"fulfillment_service\":\"manual\",\"product_id\":11602302677,\"requires_shipping\":true,\"taxable\":false,\"gift_card\":false,\"name\":\"Paw Silver Necklace Dog Bone Tag 18 inch Pendant Necklace\",\"variant_inventory_management\":\"shopify\",\"properties\":[],\"product_exists\":true,\"fulfillable_quantity\":0,\"grams\":0,\"total_discount\":\"0.00\",\"fulfillment_status\":\"fulfilled\",\"discount_allocations\":[],\"admin_graphql_api_id\":\"gid:\\/\\/shopify\\/LineItem\\/1396271349850\",\"tax_lines\":[]}],\"total_price\":\"19.99\",\"subtotal_price\":\"19.99\",\"total_tax\":\"0.00\",\"bump\":[],\"amount\":\"19.99\",\"currency\":\"USD\",\"source\":\"1818945\",\"billing\":{\"line1\":\"140\\/2 Sahapara Road Kolkata 700009\",\"city\":\"Kolkata\",\"state\":\"WB\",\"postal_code\":\"700009\",\"country_code\":\"US\"},\"shipping\":{\"recipient_name\":\"Suresh Saha\",\"line1\":\"140\\/2 Sahapara Road Kolkata 700009\",\"city\":\"Kolkata\",\"country_code\":\"India\",\"postal_code\":\"700009\",\"phone\":\"7418529510\",\"state\":\"WB\"},\"shipping_method\":{\"title\":\"Free\",\"amount\":0},\"discount\":\"0.00\",\"status\":\"success\"},\"paypal\":{\"id\":\"PAY-3Y729975E5335461SLNNSGAI\",\"customer\":{\"email\":\"munmun.personal@gmail.com\",\"first_name\":\"Munmun\",\"last_name\":\"Chakraborty\"},\"product\":{\"id\":11602302677,\"title\":\"Paw Silver Necklace Dog Bone Tag 18 inch Pendant Necklace\",\"bump\":[]},\"amount\":\"19.99\",\"total_amount\":\"19.99\",\"billing\":{\"line1\":\"140\\/2 Sahapara Road Kolkata 700009\",\"city\":\"Kolkata\",\"state\":\"WB\",\"postal_code\":\"700009\",\"country_code\":\"US\"},\"shipping\":{\"recipient_name\":\"Suresh Saha\",\"line1\":\"140\\/2 Sahapara Road Kolkata 700009\",\"city\":\"Kolkata\",\"country_code\":\"India\",\"postal_code\":\"700009\",\"phone\":\"7418529510\",\"state\":\"WB\"},\"shipping_method\":{\"title\":\"Free\",\"amount\":0},\"discount\":\"0.00\",\"currency\":\"USD\",\"status\":\"approved\"}}}', '2018-07-27 08:20:19', '2018-07-27 08:20:19'),
(27, 27, 'shopify', '{\"order\":{\"shopify\":{\"transaction_id\":724863811674,\"order_id\":564447707226,\"customer\":{\"id\":6829911253,\"email\":\"munmun.personal@gmail.com\",\"first_name\":\"\",\"last_name\":\"\"},\"line_items\":[{\"id\":1400819810394,\"variant_id\":51116312917,\"title\":\"Cute Puppy  Cartoon Dog Six Colors PU Leather Women Wallets Ladies Clutch Zipper Long Card Holder\",\"quantity\":1,\"price\":\"21.99\",\"sku\":\"9282886-sky-blue\",\"variant_title\":\"Sky Blue\",\"vendor\":\"Shobaan\",\"fulfillment_service\":\"manual\",\"product_id\":11602845141,\"requires_shipping\":true,\"taxable\":false,\"gift_card\":false,\"name\":\"Cute Puppy  Cartoon Dog Six Colors PU Leather Women Wallets Ladies Clutch Zipper Long Card Holder - Sky Blue\",\"variant_inventory_management\":\"shopify\",\"properties\":[],\"product_exists\":true,\"fulfillable_quantity\":0,\"grams\":0,\"total_discount\":\"0.00\",\"fulfillment_status\":\"fulfilled\",\"discount_allocations\":[],\"admin_graphql_api_id\":\"gid:\\/\\/shopify\\/LineItem\\/1400819810394\",\"tax_lines\":[{\"title\":\"Standard Shipping\",\"price\":\"0.00\",\"rate\":0}]},{\"id\":1400819843162,\"variant_id\":51105794965,\"title\":\"Cat and Dog Paw Print Pendant Necklaces\",\"quantity\":1,\"price\":\"1.00\",\"sku\":\"6355794-gold-paw-print\",\"variant_title\":\"gold Paw Print\",\"vendor\":\"Shobaan\",\"fulfillment_service\":\"manual\",\"product_id\":11602310421,\"requires_shipping\":true,\"taxable\":false,\"gift_card\":false,\"name\":\"Cat and Dog Paw Print Pendant Necklaces - gold Paw Print\",\"variant_inventory_management\":\"shopify\",\"properties\":[],\"product_exists\":true,\"fulfillable_quantity\":0,\"grams\":0,\"total_discount\":\"0.00\",\"fulfillment_status\":\"fulfilled\",\"discount_allocations\":[],\"admin_graphql_api_id\":\"gid:\\/\\/shopify\\/LineItem\\/1400819843162\",\"tax_lines\":[{\"title\":\"Standard Shipping\",\"price\":\"0.00\",\"rate\":0}]}],\"total_price\":\"22.99\",\"subtotal_price\":\"22.99\",\"total_tax\":\"0.00\",\"bump\":{\"id\":11602310421,\"title\":\"Cat and Dog Paw Print Pendant Necklaces\",\"amount\":\"1.00\"},\"amount\":\"22.99\",\"currency\":\"USD\",\"source\":\"1818945\",\"billing\":{\"line1\":\"140\\/1 Nabaliapara Kolkata 700008\",\"city\":\"Kolkata\",\"state\":\"West Bengal\",\"postal_code\":\"700008\",\"country_code\":\"US\"},\"shipping\":{\"recipient_name\":\"Sourav Chakraborty\",\"line1\":\"140\\/1 Nabaliapara Kolkata 700008\",\"city\":\"Kolkata\",\"country_code\":\"India\",\"postal_code\":\"700008\",\"phone\":\"7539518520\",\"state\":\"West Bengal\"},\"shipping_method\":{\"title\":\"Standard Shipping\",\"amount\":\"0.00\"},\"discount\":\"0.00\",\"status\":\"success\"},\"paypal\":{\"id\":\"PAY-3CL280074L950931DLNPIJGY\",\"customer\":{\"email\":\"munmun.personal@gmail.com\",\"first_name\":\"Munmun\",\"last_name\":\"Chakraborty\"},\"product\":{\"id\":11602845141,\"title\":\"Cute Puppy  Cartoon Dog Six Colors PU Leather Women Wallets Ladies Clutch Zipper Long Card Holder\",\"bump\":{\"id\":11602310421,\"name\":\"Cat and Dog Paw Print Pendant Necklaces\",\"description\":\"Cat and Dog Paw Print Pendant Necklaces\",\"quantity\":null,\"price\":\"1.00\",\"tax\":\"0.00\",\"sku\":\"\",\"currency\":\"USD\"}},\"amount\":\"22.99\",\"total_amount\":\"22.99\",\"billing\":{\"line1\":\"140\\/1 Nabaliapara Kolkata 700008\",\"city\":\"Kolkata\",\"state\":\"West Bengal\",\"postal_code\":\"700008\",\"country_code\":\"US\"},\"shipping\":{\"recipient_name\":\"Sourav Chakraborty\",\"line1\":\"140\\/1 Nabaliapara Kolkata 700008\",\"city\":\"Kolkata\",\"country_code\":\"India\",\"postal_code\":\"700008\",\"phone\":\"7539518520\",\"state\":\"West Bengal\"},\"shipping_method\":{\"title\":\"Standard Shipping\",\"amount\":\"0.00\"},\"discount\":\"0.00\",\"currency\":\"USD\",\"status\":\"approved\"}}}', '2018-07-30 10:24:45', '2018-07-30 10:24:45'),
(28, 28, 'shopify', '{\"order\":{\"shopify\":{\"transaction_id\":724863811674,\"order_id\":564447707226,\"customer\":{\"id\":6829911253,\"email\":\"munmun.personal@gmail.com\",\"first_name\":\"\",\"last_name\":\"\"},\"line_items\":[{\"id\":1400819810394,\"variant_id\":51116312917,\"title\":\"Cute Puppy  Cartoon Dog Six Colors PU Leather Women Wallets Ladies Clutch Zipper Long Card Holder\",\"quantity\":1,\"price\":\"21.99\",\"sku\":\"9282886-sky-blue\",\"variant_title\":\"Sky Blue\",\"vendor\":\"Shobaan\",\"fulfillment_service\":\"manual\",\"product_id\":11602845141,\"requires_shipping\":true,\"taxable\":false,\"gift_card\":false,\"name\":\"Cute Puppy  Cartoon Dog Six Colors PU Leather Women Wallets Ladies Clutch Zipper Long Card Holder - Sky Blue\",\"variant_inventory_management\":\"shopify\",\"properties\":[],\"product_exists\":true,\"fulfillable_quantity\":0,\"grams\":0,\"total_discount\":\"0.00\",\"fulfillment_status\":\"fulfilled\",\"discount_allocations\":[],\"admin_graphql_api_id\":\"gid:\\/\\/shopify\\/LineItem\\/1400819810394\",\"tax_lines\":[{\"title\":\"Standard Shipping\",\"price\":\"0.00\",\"rate\":0}]},{\"id\":1400819843162,\"variant_id\":51105794965,\"title\":\"Cat and Dog Paw Print Pendant Necklaces\",\"quantity\":1,\"price\":\"1.00\",\"sku\":\"6355794-gold-paw-print\",\"variant_title\":\"gold Paw Print\",\"vendor\":\"Shobaan\",\"fulfillment_service\":\"manual\",\"product_id\":11602310421,\"requires_shipping\":true,\"taxable\":false,\"gift_card\":false,\"name\":\"Cat and Dog Paw Print Pendant Necklaces - gold Paw Print\",\"variant_inventory_management\":\"shopify\",\"properties\":[],\"product_exists\":true,\"fulfillable_quantity\":0,\"grams\":0,\"total_discount\":\"0.00\",\"fulfillment_status\":\"fulfilled\",\"discount_allocations\":[],\"admin_graphql_api_id\":\"gid:\\/\\/shopify\\/LineItem\\/1400819843162\",\"tax_lines\":[{\"title\":\"Standard Shipping\",\"price\":\"0.00\",\"rate\":0}]}],\"total_price\":\"22.99\",\"subtotal_price\":\"22.99\",\"total_tax\":\"0.00\",\"bump\":{\"id\":11602310421,\"title\":\"Cat and Dog Paw Print Pendant Necklaces\",\"amount\":\"1.00\"},\"amount\":\"22.99\",\"currency\":\"USD\",\"source\":\"1818945\",\"billing\":{\"line1\":\"140\\/1 Nabaliapara Kolkata 700008\",\"city\":\"Kolkata\",\"state\":\"West Bengal\",\"postal_code\":\"700008\",\"country_code\":\"US\"},\"shipping\":{\"recipient_name\":\"Sourav Chakraborty\",\"line1\":\"140\\/1 Nabaliapara Kolkata 700008\",\"city\":\"Kolkata\",\"country_code\":\"India\",\"postal_code\":\"700008\",\"phone\":\"7539518520\",\"state\":\"West Bengal\"},\"shipping_method\":{\"title\":\"Standard Shipping\",\"amount\":\"0.00\"},\"discount\":\"0.00\",\"status\":\"success\"},\"paypal\":{\"id\":\"PAY-3CL280074L950931DLNPIJGY\",\"customer\":{\"email\":\"munmun.personal@gmail.com\",\"first_name\":\"Munmun\",\"last_name\":\"Chakraborty\"},\"product\":{\"id\":11602845141,\"title\":\"Cute Puppy  Cartoon Dog Six Colors PU Leather Women Wallets Ladies Clutch Zipper Long Card Holder\",\"bump\":{\"id\":11602310421,\"name\":\"Cat and Dog Paw Print Pendant Necklaces\",\"description\":\"Cat and Dog Paw Print Pendant Necklaces\",\"quantity\":null,\"price\":\"1.00\",\"tax\":\"0.00\",\"sku\":\"\",\"currency\":\"USD\"}},\"amount\":\"22.99\",\"total_amount\":\"22.99\",\"billing\":{\"line1\":\"140\\/1 Nabaliapara Kolkata 700008\",\"city\":\"Kolkata\",\"state\":\"West Bengal\",\"postal_code\":\"700008\",\"country_code\":\"US\"},\"shipping\":{\"recipient_name\":\"Sourav Chakraborty\",\"line1\":\"140\\/1 Nabaliapara Kolkata 700008\",\"city\":\"Kolkata\",\"country_code\":\"India\",\"postal_code\":\"700008\",\"phone\":\"7539518520\",\"state\":\"West Bengal\"},\"shipping_method\":{\"title\":\"Standard Shipping\",\"amount\":\"0.00\"},\"discount\":\"0.00\",\"currency\":\"USD\",\"status\":\"approved\"}}}', '2018-07-30 10:24:45', '2018-07-30 10:24:45'),
(29, 29, 'shopify', '{\"order\":{\"shopify\":{\"transaction_id\":724864204890,\"order_id\":564448231514,\"customer\":{\"id\":6829911253,\"email\":\"munmun.personal@gmail.com\",\"first_name\":\"\",\"last_name\":\"\"},\"line_items\":[{\"id\":1400820564058,\"variant_id\":51105794965,\"title\":\"Cat and Dog Paw Print Pendant Necklaces\",\"quantity\":1,\"price\":\"1.00\",\"sku\":\"6355794-gold-paw-print\",\"variant_title\":\"gold Paw Print\",\"vendor\":\"Shobaan\",\"fulfillment_service\":\"manual\",\"product_id\":11602310421,\"requires_shipping\":true,\"taxable\":false,\"gift_card\":false,\"name\":\"Cat and Dog Paw Print Pendant Necklaces - gold Paw Print\",\"variant_inventory_management\":\"shopify\",\"properties\":[],\"product_exists\":true,\"fulfillable_quantity\":0,\"grams\":0,\"total_discount\":\"0.00\",\"fulfillment_status\":\"fulfilled\",\"discount_allocations\":[],\"admin_graphql_api_id\":\"gid:\\/\\/shopify\\/LineItem\\/1400820564058\",\"tax_lines\":[]}],\"total_price\":\"1.00\",\"subtotal_price\":\"1.00\",\"total_tax\":\"0.00\",\"bump\":[],\"amount\":\"1.00\",\"currency\":\"USD\",\"source\":\"1818945\",\"billing\":{\"line1\":\"140\\/1 Nabaliapara Kolkata 700008\",\"city\":\"Kolkata\",\"state\":\"West Bengal\",\"postal_code\":\"700008\",\"country_code\":\"US\"},\"shipping\":{\"recipient_name\":\"Sourav Chakraborty\",\"line1\":\"140\\/1 Nabaliapara Kolkata 700008\",\"city\":\"Kolkata\",\"country_code\":\"India\",\"postal_code\":\"700008\",\"phone\":\"7539518520\",\"state\":\"West Bengal\"},\"shipping_method\":{\"title\":\"Free\",\"amount\":0},\"discount\":\"0.00\",\"status\":\"success\"},\"paypal\":{\"id\":\"PAY-1TB000391J6201825LNPIKDA\",\"customer\":{\"email\":\"munmun.personal@gmail.com\",\"first_name\":\"Munmun\",\"last_name\":\"Chakraborty\"},\"product\":{\"id\":11602310421,\"title\":\"Cat and Dog Paw Print Pendant Necklaces\",\"bump\":[]},\"amount\":\"1.00\",\"total_amount\":\"1.00\",\"billing\":{\"line1\":\"140\\/1 Nabaliapara Kolkata 700008\",\"city\":\"Kolkata\",\"state\":\"West Bengal\",\"postal_code\":\"700008\",\"country_code\":\"US\"},\"shipping\":{\"recipient_name\":\"Sourav Chakraborty\",\"line1\":\"140\\/1 Nabaliapara Kolkata 700008\",\"city\":\"Kolkata\",\"country_code\":\"India\",\"postal_code\":\"700008\",\"phone\":\"7539518520\",\"state\":\"West Bengal\"},\"shipping_method\":{\"title\":\"Free\",\"amount\":0},\"discount\":\"0.00\",\"currency\":\"USD\",\"status\":\"approved\"}}}', '2018-07-30 10:25:24', '2018-07-30 10:25:24'),
(30, 30, 'shopify', '{\"order\":{\"stripe\":{\"charge_id\":\"ch_1CtkHeBx1XSCrnF223UepSmd\",\"customer\":{\"customer\":\"cus_DKP5iOrweuSh3U\",\"email\":\"rizvibiz@gmail.com\",\"first_name\":\"Syed\",\"last_name\":\"Rizvi\"},\"product\":{\"id\":11602845141,\"title\":\"Cute Puppy  Cartoon Dog Six Colors PU Leather Women Wallets Ladies Clutch Zipper Long Card Holder\",\"bump\":[]},\"amount\":2199,\"total_amount\":22.989999999999998436805981327779591083526611328125,\"balance_transaction\":\"txn_1CtkHeBx1XSCrnF2TgauVF06\",\"billing\":{\"first_name\":\"Syed\",\"last_name\":\"Rizvi\",\"address1\":\"12030 Citrus Leaf Drive, Gibsonton, FL, USA\",\"phone\":\"8133777784\",\"city\":\"Gibsonton\",\"province\":\"FL\",\"country\":\"United States\",\"zip\":\"33534-5658\"},\"shipping\":{\"first_name\":\"Syed\",\"last_name\":\"Rizvi\",\"address1\":\"12030 Citrus Leaf Drive, Gibsonton, FL, USA\",\"phone\":\"8133777784\",\"city\":\"Gibsonton\",\"province\":\"FL\",\"country\":\"United States\",\"zip\":\"33534-5658\"},\"shipping_method\":{\"title\":\"Standard Shipping\",\"amount\":\"0.00\"},\"discount\":\"0.00\",\"source\":\"card_1CtkHcBx1XSCrnF2bKUX16sx\",\"currency\":\"usd\",\"status\":\"succeeded\"},\"shopify\":{\"transaction_id\":725765587034,\"order_id\":565199011930,\"customer\":{\"id\":6759082837,\"email\":\"rizvibiz@gmail.com\",\"first_name\":\"Syed\",\"last_name\":\"Rizvi\"},\"line_items\":[{\"id\":1402330841178,\"variant_id\":51116313045,\"title\":\"Cute Puppy  Cartoon Dog Six Colors PU Leather Women Wallets Ladies Clutch Zipper Long Card Holder\",\"quantity\":1,\"price\":\"21.99\",\"sku\":\"9282886-khaki\",\"variant_title\":\"Khaki\",\"vendor\":\"Shobaan\",\"fulfillment_service\":\"manual\",\"product_id\":11602845141,\"requires_shipping\":true,\"taxable\":false,\"gift_card\":false,\"name\":\"Cute Puppy  Cartoon Dog Six Colors PU Leather Women Wallets Ladies Clutch Zipper Long Card Holder - Khaki\",\"variant_inventory_management\":\"shopify\",\"properties\":[],\"product_exists\":true,\"fulfillable_quantity\":0,\"grams\":0,\"total_discount\":\"0.00\",\"fulfillment_status\":\"fulfilled\",\"discount_allocations\":[],\"admin_graphql_api_id\":\"gid:\\/\\/shopify\\/LineItem\\/1402330841178\",\"tax_lines\":[{\"title\":\"Standard Shipping\",\"price\":\"0.00\",\"rate\":0}]}],\"total_price\":\"21.99\",\"subtotal_price\":\"21.99\",\"total_tax\":\"0.00\",\"bump\":[],\"amount\":\"21.99\",\"currency\":\"USD\",\"source\":\"1818945\",\"billing\":{\"first_name\":\"Syed\",\"last_name\":\"Rizvi\",\"address1\":\"12030 Citrus Leaf Drive, Gibsonton, FL, USA\",\"phone\":\"8133777784\",\"city\":\"Gibsonton\",\"province\":\"FL\",\"country\":\"United States\",\"zip\":\"33534-5658\"},\"shipping\":{\"first_name\":\"Syed\",\"last_name\":\"Rizvi\",\"address1\":\"12030 Citrus Leaf Drive, Gibsonton, FL, USA\",\"phone\":\"8133777784\",\"city\":\"Gibsonton\",\"province\":\"FL\",\"country\":\"United States\",\"zip\":\"33534-5658\"},\"shipping_method\":{\"title\":\"Standard Shipping\",\"amount\":\"0.00\"},\"discount\":\"0.00\",\"status\":\"success\"}}}', '2018-07-31 05:56:14', '2018-07-31 05:56:14'),
(31, 31, 'shopify', '{\"order\":{\"stripe\":{\"charge_id\":\"ch_1CtoLSBx1XSCrnF2Uh5uUw9U\",\"customer\":{\"customer\":\"cus_DKTIUxgoKRPTkb\",\"email\":\"chakraborty.education@gmail.com\",\"first_name\":\"Sourav\",\"last_name\":\"Chakraborty\"},\"product\":{\"id\":11602845141,\"title\":\"Cute Puppy  Cartoon Dog Six Colors PU Leather Women Wallets Ladies Clutch Zipper Long Card Holder\",\"bump\":{\"product\":{\"id\":11602310421,\"title\":\"Cat and Dog Paw Print Pendant Necklaces\",\"amount\":\"1.00\"}}},\"amount\":2299,\"total_amount\":22.989999999999998436805981327779591083526611328125,\"balance_transaction\":\"txn_1CtoLTBx1XSCrnF2tCX5XMnI\",\"billing\":{\"first_name\":\"Sourav\",\"last_name\":\"Chakraborty\",\"address1\":\"140\\/1 Nabaliapara Kolkata 700008\",\"phone\":\"8509797498\",\"city\":\"Kolkata\",\"province\":\"WB\",\"country\":\"India\",\"zip\":\"700008\"},\"shipping\":{\"first_name\":\"Sourav\",\"last_name\":\"Chakraborty\",\"address1\":\"140\\/1 Nabaliapara Kolkata 700008\",\"phone\":\"8509797498\",\"city\":\"Kolkata\",\"province\":\"WB\",\"country\":\"India\",\"zip\":\"700008\"},\"shipping_method\":{\"title\":\"Standard Shipping\",\"amount\":\"0.00\"},\"discount\":\"0.00\",\"source\":\"card_1CtoLQBx1XSCrnF2Olo0HJIf\",\"currency\":\"usd\",\"status\":\"succeeded\"},\"shopify\":{\"transaction_id\":725979529306,\"order_id\":565385920602,\"customer\":{\"id\":6751175701,\"email\":\"chakraborty.education@gmail.com\",\"first_name\":\"Sourav\",\"last_name\":\"Chakraborty\"},\"line_items\":[{\"id\":1402705608794,\"variant_id\":51116312789,\"title\":\"Cute Puppy  Cartoon Dog Six Colors PU Leather Women Wallets Ladies Clutch Zipper Long Card Holder\",\"quantity\":1,\"price\":\"21.99\",\"sku\":\"9282886-black\",\"variant_title\":\"Black\",\"vendor\":\"Shobaan\",\"fulfillment_service\":\"manual\",\"product_id\":11602845141,\"requires_shipping\":true,\"taxable\":false,\"gift_card\":false,\"name\":\"Cute Puppy  Cartoon Dog Six Colors PU Leather Women Wallets Ladies Clutch Zipper Long Card Holder - Black\",\"variant_inventory_management\":\"shopify\",\"properties\":[],\"product_exists\":true,\"fulfillable_quantity\":0,\"grams\":0,\"total_discount\":\"0.00\",\"fulfillment_status\":\"fulfilled\",\"discount_allocations\":[],\"admin_graphql_api_id\":\"gid:\\/\\/shopify\\/LineItem\\/1402705608794\",\"tax_lines\":[{\"title\":\"Standard Shipping\",\"price\":\"0.00\",\"rate\":0}]},{\"id\":1402705641562,\"variant_id\":51105794965,\"title\":\"Cat and Dog Paw Print Pendant Necklaces\",\"quantity\":1,\"price\":\"1.00\",\"sku\":\"6355794-gold-paw-print\",\"variant_title\":\"gold Paw Print\",\"vendor\":\"Shobaan\",\"fulfillment_service\":\"manual\",\"product_id\":11602310421,\"requires_shipping\":true,\"taxable\":false,\"gift_card\":false,\"name\":\"Cat and Dog Paw Print Pendant Necklaces - gold Paw Print\",\"variant_inventory_management\":\"shopify\",\"properties\":[],\"product_exists\":true,\"fulfillable_quantity\":0,\"grams\":0,\"total_discount\":\"0.00\",\"fulfillment_status\":\"fulfilled\",\"discount_allocations\":[],\"admin_graphql_api_id\":\"gid:\\/\\/shopify\\/LineItem\\/1402705641562\",\"tax_lines\":[{\"title\":\"Standard Shipping\",\"price\":\"0.00\",\"rate\":0}]}],\"total_price\":\"22.99\",\"subtotal_price\":\"22.99\",\"total_tax\":\"0.00\",\"bump\":{\"id\":11602310421,\"title\":\"Cat and Dog Paw Print Pendant Necklaces\",\"amount\":\"1.00\"},\"amount\":\"22.99\",\"currency\":\"USD\",\"source\":\"1818945\",\"billing\":{\"first_name\":\"Sourav\",\"last_name\":\"Chakraborty\",\"address1\":\"140\\/1 Nabaliapara Kolkata 700008\",\"phone\":\"8509797498\",\"city\":\"Kolkata\",\"province\":\"WB\",\"country\":\"India\",\"zip\":\"700008\"},\"shipping\":{\"first_name\":\"Sourav\",\"last_name\":\"Chakraborty\",\"address1\":\"140\\/1 Nabaliapara Kolkata 700008\",\"phone\":\"8509797498\",\"city\":\"Kolkata\",\"province\":\"WB\",\"country\":\"India\",\"zip\":\"700008\"},\"shipping_method\":{\"title\":\"Standard Shipping\",\"amount\":\"0.00\"},\"discount\":\"0.00\",\"status\":\"success\"}}}', '2018-07-31 10:16:26', '2018-07-31 10:16:26'),
(32, 32, 'shopify', '{\"order\":{\"stripe\":{\"charge_id\":\"ch_1CtoLSBx1XSCrnF2Uh5uUw9U\",\"customer\":{\"customer\":\"cus_DKTIUxgoKRPTkb\",\"email\":\"chakraborty.education@gmail.com\",\"first_name\":\"Sourav\",\"last_name\":\"Chakraborty\"},\"product\":{\"id\":11602845141,\"title\":\"Cute Puppy  Cartoon Dog Six Colors PU Leather Women Wallets Ladies Clutch Zipper Long Card Holder\",\"bump\":{\"product\":{\"id\":11602310421,\"title\":\"Cat and Dog Paw Print Pendant Necklaces\",\"amount\":\"1.00\"}}},\"amount\":2299,\"total_amount\":22.989999999999998436805981327779591083526611328125,\"balance_transaction\":\"txn_1CtoLTBx1XSCrnF2tCX5XMnI\",\"billing\":{\"first_name\":\"Sourav\",\"last_name\":\"Chakraborty\",\"address1\":\"140\\/1 Nabaliapara Kolkata 700008\",\"phone\":\"8509797498\",\"city\":\"Kolkata\",\"province\":\"WB\",\"country\":\"India\",\"zip\":\"700008\"},\"shipping\":{\"first_name\":\"Sourav\",\"last_name\":\"Chakraborty\",\"address1\":\"140\\/1 Nabaliapara Kolkata 700008\",\"phone\":\"8509797498\",\"city\":\"Kolkata\",\"province\":\"WB\",\"country\":\"India\",\"zip\":\"700008\"},\"shipping_method\":{\"title\":\"Standard Shipping\",\"amount\":\"0.00\"},\"discount\":\"0.00\",\"source\":\"card_1CtoLQBx1XSCrnF2Olo0HJIf\",\"currency\":\"usd\",\"status\":\"succeeded\"},\"shopify\":{\"transaction_id\":725979529306,\"order_id\":565385920602,\"customer\":{\"id\":6751175701,\"email\":\"chakraborty.education@gmail.com\",\"first_name\":\"Sourav\",\"last_name\":\"Chakraborty\"},\"line_items\":[{\"id\":1402705608794,\"variant_id\":51116312789,\"title\":\"Cute Puppy  Cartoon Dog Six Colors PU Leather Women Wallets Ladies Clutch Zipper Long Card Holder\",\"quantity\":1,\"price\":\"21.99\",\"sku\":\"9282886-black\",\"variant_title\":\"Black\",\"vendor\":\"Shobaan\",\"fulfillment_service\":\"manual\",\"product_id\":11602845141,\"requires_shipping\":true,\"taxable\":false,\"gift_card\":false,\"name\":\"Cute Puppy  Cartoon Dog Six Colors PU Leather Women Wallets Ladies Clutch Zipper Long Card Holder - Black\",\"variant_inventory_management\":\"shopify\",\"properties\":[],\"product_exists\":true,\"fulfillable_quantity\":0,\"grams\":0,\"total_discount\":\"0.00\",\"fulfillment_status\":\"fulfilled\",\"discount_allocations\":[],\"admin_graphql_api_id\":\"gid:\\/\\/shopify\\/LineItem\\/1402705608794\",\"tax_lines\":[{\"title\":\"Standard Shipping\",\"price\":\"0.00\",\"rate\":0}]},{\"id\":1402705641562,\"variant_id\":51105794965,\"title\":\"Cat and Dog Paw Print Pendant Necklaces\",\"quantity\":1,\"price\":\"1.00\",\"sku\":\"6355794-gold-paw-print\",\"variant_title\":\"gold Paw Print\",\"vendor\":\"Shobaan\",\"fulfillment_service\":\"manual\",\"product_id\":11602310421,\"requires_shipping\":true,\"taxable\":false,\"gift_card\":false,\"name\":\"Cat and Dog Paw Print Pendant Necklaces - gold Paw Print\",\"variant_inventory_management\":\"shopify\",\"properties\":[],\"product_exists\":true,\"fulfillable_quantity\":0,\"grams\":0,\"total_discount\":\"0.00\",\"fulfillment_status\":\"fulfilled\",\"discount_allocations\":[],\"admin_graphql_api_id\":\"gid:\\/\\/shopify\\/LineItem\\/1402705641562\",\"tax_lines\":[{\"title\":\"Standard Shipping\",\"price\":\"0.00\",\"rate\":0}]}],\"total_price\":\"22.99\",\"subtotal_price\":\"22.99\",\"total_tax\":\"0.00\",\"bump\":{\"id\":11602310421,\"title\":\"Cat and Dog Paw Print Pendant Necklaces\",\"amount\":\"1.00\"},\"amount\":\"22.99\",\"currency\":\"USD\",\"source\":\"1818945\",\"billing\":{\"first_name\":\"Sourav\",\"last_name\":\"Chakraborty\",\"address1\":\"140\\/1 Nabaliapara Kolkata 700008\",\"phone\":\"8509797498\",\"city\":\"Kolkata\",\"province\":\"WB\",\"country\":\"India\",\"zip\":\"700008\"},\"shipping\":{\"first_name\":\"Sourav\",\"last_name\":\"Chakraborty\",\"address1\":\"140\\/1 Nabaliapara Kolkata 700008\",\"phone\":\"8509797498\",\"city\":\"Kolkata\",\"province\":\"WB\",\"country\":\"India\",\"zip\":\"700008\"},\"shipping_method\":{\"title\":\"Standard Shipping\",\"amount\":\"0.00\"},\"discount\":\"0.00\",\"status\":\"success\"}}}', '2018-07-31 10:16:26', '2018-07-31 10:16:26'),
(33, 33, 'shopify', '{\"order\":{\"stripe\":{\"charge_id\":\"ch_1CtoM5Bx1XSCrnF22R1gsHrJ\",\"customer\":{\"customer\":\"cus_DKTIUxgoKRPTkb\",\"email\":\"chakraborty.education@gmail.com\",\"first_name\":\"Sourav\",\"last_name\":\"Chakraborty\"},\"product\":{\"id\":11602310421,\"title\":\"Cat and Dog Paw Print Pendant Necklaces\",\"bump\":[]},\"amount\":100,\"total_amount\":1,\"balance_transaction\":\"txn_1CtoM6Bx1XSCrnF2XM9XOk7C\",\"billing\":{\"first_name\":\"Sourav\",\"last_name\":\"Chakraborty\",\"address1\":\"140\\/1 Nabaliapara Kolkata 700008\",\"phone\":\"8509797498\",\"city\":\"Kolkata\",\"province\":\"WB\",\"country\":\"India\",\"zip\":\"700008\"},\"shipping\":{\"first_name\":\"Sourav\",\"last_name\":\"Chakraborty\",\"address1\":\"140\\/1 Nabaliapara Kolkata 700008\",\"phone\":\"8509797498\",\"city\":\"Kolkata\",\"province\":\"WB\",\"country\":\"India\",\"zip\":\"700008\"},\"shipping_method\":{\"title\":\"Free\",\"amount\":0},\"discount\":\"0.00\",\"source\":\"card_1CtoLQBx1XSCrnF2Olo0HJIf\",\"currency\":\"usd\",\"status\":\"succeeded\"},\"shopify\":{\"transaction_id\":725980250202,\"order_id\":565386510426,\"customer\":{\"id\":6751175701,\"email\":\"chakraborty.education@gmail.com\",\"first_name\":\"Sourav\",\"last_name\":\"Chakraborty\"},\"line_items\":[{\"id\":1402706821210,\"variant_id\":51105794965,\"title\":\"Cat and Dog Paw Print Pendant Necklaces\",\"quantity\":1,\"price\":\"1.00\",\"sku\":\"6355794-gold-paw-print\",\"variant_title\":\"gold Paw Print\",\"vendor\":\"Shobaan\",\"fulfillment_service\":\"manual\",\"product_id\":11602310421,\"requires_shipping\":true,\"taxable\":false,\"gift_card\":false,\"name\":\"Cat and Dog Paw Print Pendant Necklaces - gold Paw Print\",\"variant_inventory_management\":\"shopify\",\"properties\":[],\"product_exists\":true,\"fulfillable_quantity\":0,\"grams\":0,\"total_discount\":\"0.00\",\"fulfillment_status\":\"fulfilled\",\"discount_allocations\":[],\"admin_graphql_api_id\":\"gid:\\/\\/shopify\\/LineItem\\/1402706821210\",\"tax_lines\":[]}],\"total_price\":\"1.00\",\"subtotal_price\":\"1.00\",\"total_tax\":\"0.00\",\"bump\":[],\"amount\":\"1.00\",\"currency\":\"USD\",\"source\":\"1818945\",\"billing\":{\"first_name\":\"Sourav\",\"last_name\":\"Chakraborty\",\"address1\":\"140\\/1 Nabaliapara Kolkata 700008\",\"phone\":\"8509797498\",\"city\":\"Kolkata\",\"province\":\"WB\",\"country\":\"India\",\"zip\":\"700008\"},\"shipping\":{\"first_name\":\"Sourav\",\"last_name\":\"Chakraborty\",\"address1\":\"140\\/1 Nabaliapara Kolkata 700008\",\"phone\":\"8509797498\",\"city\":\"Kolkata\",\"province\":\"WB\",\"country\":\"India\",\"zip\":\"700008\"},\"shipping_method\":{\"title\":\"Free\",\"amount\":0},\"discount\":\"0.00\",\"status\":\"success\"}}}', '2018-07-31 10:17:04', '2018-07-31 10:17:04'),
(34, 34, 'shopify', '{\"order\":{\"stripe\":{\"charge_id\":\"ch_1CtoUDBx1XSCrnF2GqLLu5H9\",\"customer\":{\"customer\":\"cus_DKTIUxgoKRPTkb\",\"email\":\"chakraborty.education@gmail.com\",\"first_name\":\"Sourav\",\"last_name\":\"Chakraborty\"},\"product\":{\"id\":11602845141,\"title\":\"Cute Puppy  Cartoon Dog Six Colors PU Leather Women Wallets Ladies Clutch Zipper Long Card Holder\",\"bump\":[]},\"amount\":2299,\"total_amount\":22.989999999999998436805981327779591083526611328125,\"balance_transaction\":\"txn_1CtoUEBx1XSCrnF2MjO7gdWI\",\"billing\":{\"first_name\":\"Sourav\",\"last_name\":\"Chakraborty\",\"address1\":\"140\\/1 Nabaliapara Kolkata 700008\",\"phone\":\"8509797498\",\"city\":\"Kolkata\",\"province\":\"WB\",\"country\":\"India\",\"zip\":\"700008\"},\"shipping\":{\"first_name\":\"Sourav\",\"last_name\":\"Chakraborty\",\"address1\":\"140\\/1 Nabaliapara Kolkata 700008\",\"phone\":\"8509797498\",\"city\":\"Kolkata\",\"province\":\"WB\",\"country\":\"India\",\"zip\":\"700008\"},\"shipping_method\":{\"title\":\"Standard Shipping\",\"amount\":\"0.00\"},\"discount\":\"0.00\",\"source\":\"card_1CtoLQBx1XSCrnF2Olo0HJIf\",\"currency\":\"usd\",\"status\":\"succeeded\"},\"shopify\":{\"transaction_id\":725986869338,\"order_id\":565392179290,\"customer\":{\"id\":6751175701,\"email\":\"chakraborty.education@gmail.com\",\"first_name\":\"Sourav\",\"last_name\":\"Chakraborty\"},\"line_items\":[{\"id\":1402717962330,\"variant_id\":51116312789,\"title\":\"Cute Puppy  Cartoon Dog Six Colors PU Leather Women Wallets Ladies Clutch Zipper Long Card Holder\",\"quantity\":1,\"price\":\"21.99\",\"sku\":\"9282886-black\",\"variant_title\":\"Black\",\"vendor\":\"Shobaan\",\"fulfillment_service\":\"manual\",\"product_id\":11602845141,\"requires_shipping\":true,\"taxable\":false,\"gift_card\":false,\"name\":\"Cute Puppy  Cartoon Dog Six Colors PU Leather Women Wallets Ladies Clutch Zipper Long Card Holder - Black\",\"variant_inventory_management\":\"shopify\",\"properties\":[],\"product_exists\":true,\"fulfillable_quantity\":0,\"grams\":0,\"total_discount\":\"0.00\",\"fulfillment_status\":\"fulfilled\",\"discount_allocations\":[],\"admin_graphql_api_id\":\"gid:\\/\\/shopify\\/LineItem\\/1402717962330\",\"tax_lines\":[{\"title\":\"Standard Shipping\",\"price\":\"0.00\",\"rate\":0}]}],\"total_price\":\"21.99\",\"subtotal_price\":\"21.99\",\"total_tax\":\"0.00\",\"bump\":[],\"amount\":\"21.99\",\"currency\":\"USD\",\"source\":\"1818945\",\"billing\":{\"first_name\":\"Sourav\",\"last_name\":\"Chakraborty\",\"address1\":\"140\\/1 Nabaliapara Kolkata 700008\",\"phone\":\"8509797498\",\"city\":\"Kolkata\",\"province\":\"WB\",\"country\":\"India\",\"zip\":\"700008\"},\"shipping\":{\"first_name\":\"Sourav\",\"last_name\":\"Chakraborty\",\"address1\":\"140\\/1 Nabaliapara Kolkata 700008\",\"phone\":\"8509797498\",\"city\":\"Kolkata\",\"province\":\"WB\",\"country\":\"India\",\"zip\":\"700008\"},\"shipping_method\":{\"title\":\"Standard Shipping\",\"amount\":\"0.00\"},\"discount\":\"0.00\",\"status\":\"success\"}}}', '2018-07-31 10:25:28', '2018-07-31 10:25:28'),
(35, 35, 'shopify', '{\"order\":{\"stripe\":{\"charge_id\":\"ch_1CtoUOBx1XSCrnF2W52EcVL8\",\"customer\":{\"customer\":\"cus_DKTIUxgoKRPTkb\",\"email\":\"chakraborty.education@gmail.com\",\"first_name\":\"Sourav\",\"last_name\":\"Chakraborty\"},\"product\":{\"id\":11602310421,\"title\":\"Cat and Dog Paw Print Pendant Necklaces\",\"bump\":[]},\"amount\":100,\"total_amount\":1,\"balance_transaction\":\"txn_1CtoUOBx1XSCrnF2BiCyekR0\",\"billing\":{\"first_name\":\"Sourav\",\"last_name\":\"Chakraborty\",\"address1\":\"140\\/1 Nabaliapara Kolkata 700008\",\"phone\":\"8509797498\",\"city\":\"Kolkata\",\"province\":\"WB\",\"country\":\"India\",\"zip\":\"700008\"},\"shipping\":{\"first_name\":\"Sourav\",\"last_name\":\"Chakraborty\",\"address1\":\"140\\/1 Nabaliapara Kolkata 700008\",\"phone\":\"8509797498\",\"city\":\"Kolkata\",\"province\":\"WB\",\"country\":\"India\",\"zip\":\"700008\"},\"shipping_method\":{\"title\":\"Free\",\"amount\":0},\"discount\":\"0.00\",\"source\":\"card_1CtoLQBx1XSCrnF2Olo0HJIf\",\"currency\":\"usd\",\"status\":\"succeeded\"},\"shopify\":{\"transaction_id\":725986934874,\"order_id\":565392277594,\"customer\":{\"id\":6751175701,\"email\":\"chakraborty.education@gmail.com\",\"first_name\":\"Sourav\",\"last_name\":\"Chakraborty\"},\"line_items\":[{\"id\":1402718060634,\"variant_id\":51105794965,\"title\":\"Cat and Dog Paw Print Pendant Necklaces\",\"quantity\":1,\"price\":\"1.00\",\"sku\":\"6355794-gold-paw-print\",\"variant_title\":\"gold Paw Print\",\"vendor\":\"Shobaan\",\"fulfillment_service\":\"manual\",\"product_id\":11602310421,\"requires_shipping\":true,\"taxable\":false,\"gift_card\":false,\"name\":\"Cat and Dog Paw Print Pendant Necklaces - gold Paw Print\",\"variant_inventory_management\":\"shopify\",\"properties\":[],\"product_exists\":true,\"fulfillable_quantity\":0,\"grams\":0,\"total_discount\":\"0.00\",\"fulfillment_status\":\"fulfilled\",\"discount_allocations\":[],\"admin_graphql_api_id\":\"gid:\\/\\/shopify\\/LineItem\\/1402718060634\",\"tax_lines\":[]}],\"total_price\":\"1.00\",\"subtotal_price\":\"1.00\",\"total_tax\":\"0.00\",\"bump\":[],\"amount\":\"1.00\",\"currency\":\"USD\",\"source\":\"1818945\",\"billing\":{\"first_name\":\"Sourav\",\"last_name\":\"Chakraborty\",\"address1\":\"140\\/1 Nabaliapara Kolkata 700008\",\"phone\":\"8509797498\",\"city\":\"Kolkata\",\"province\":\"WB\",\"country\":\"India\",\"zip\":\"700008\"},\"shipping\":{\"first_name\":\"Sourav\",\"last_name\":\"Chakraborty\",\"address1\":\"140\\/1 Nabaliapara Kolkata 700008\",\"phone\":\"8509797498\",\"city\":\"Kolkata\",\"province\":\"WB\",\"country\":\"India\",\"zip\":\"700008\"},\"shipping_method\":{\"title\":\"Free\",\"amount\":0},\"discount\":\"0.00\",\"status\":\"success\"}}}', '2018-07-31 10:25:38', '2018-07-31 10:25:38'),
(36, 36, 'shopify', '{\"order\":{\"stripe\":{\"charge_id\":\"ch_1CtofkBx1XSCrnF2bxqZYja1\",\"customer\":{\"customer\":\"cus_DKTcoXeQEP3lyj\",\"email\":\"rizvibiz@gmail.com\",\"first_name\":\"Syed\",\"last_name\":\"Rizvi\"},\"product\":{\"id\":11602845141,\"title\":\"Cute Puppy  Cartoon Dog Six Colors PU Leather Women Wallets Ladies Clutch Zipper Long Card Holder\",\"bump\":[]},\"amount\":2299,\"total_amount\":22.989999999999998436805981327779591083526611328125,\"balance_transaction\":\"txn_1CtoflBx1XSCrnF27929Neh0\",\"billing\":{\"first_name\":\"Syed\",\"last_name\":\"Rizvi\",\"address1\":\"555555555\",\"phone\":\"8133777784\",\"city\":\"55555555\",\"province\":\"fl\",\"country\":\"United States\",\"zip\":\"33534\"},\"shipping\":{\"first_name\":\"Syed\",\"last_name\":\"Rizvi\",\"address1\":\"555555555\",\"phone\":\"8133777784\",\"city\":\"55555555\",\"province\":\"fl\",\"country\":\"United States\",\"zip\":\"33534\"},\"shipping_method\":{\"title\":\"Standard Shipping\",\"amount\":\"0.00\"},\"discount\":\"0.00\",\"source\":\"card_1CtofiBx1XSCrnF21QZVCjbf\",\"currency\":\"usd\",\"status\":\"succeeded\"},\"shopify\":{\"transaction_id\":725995126874,\"order_id\":565399355482,\"customer\":{\"id\":6759082837,\"email\":\"rizvibiz@gmail.com\",\"first_name\":\"Syed\",\"last_name\":\"Rizvi\"},\"line_items\":[{\"id\":1402731429978,\"variant_id\":51116312789,\"title\":\"Cute Puppy  Cartoon Dog Six Colors PU Leather Women Wallets Ladies Clutch Zipper Long Card Holder\",\"quantity\":1,\"price\":\"21.99\",\"sku\":\"9282886-black\",\"variant_title\":\"Black\",\"vendor\":\"Shobaan\",\"fulfillment_service\":\"manual\",\"product_id\":11602845141,\"requires_shipping\":true,\"taxable\":false,\"gift_card\":false,\"name\":\"Cute Puppy  Cartoon Dog Six Colors PU Leather Women Wallets Ladies Clutch Zipper Long Card Holder - Black\",\"variant_inventory_management\":\"shopify\",\"properties\":[],\"product_exists\":true,\"fulfillable_quantity\":0,\"grams\":0,\"total_discount\":\"0.00\",\"fulfillment_status\":\"fulfilled\",\"discount_allocations\":[],\"admin_graphql_api_id\":\"gid:\\/\\/shopify\\/LineItem\\/1402731429978\",\"tax_lines\":[{\"title\":\"Standard Shipping\",\"price\":\"0.00\",\"rate\":0}]}],\"total_price\":\"21.99\",\"subtotal_price\":\"21.99\",\"total_tax\":\"0.00\",\"bump\":[],\"amount\":\"21.99\",\"currency\":\"USD\",\"source\":\"1818945\",\"billing\":{\"first_name\":\"Syed\",\"last_name\":\"Rizvi\",\"address1\":\"555555555\",\"phone\":\"8133777784\",\"city\":\"55555555\",\"province\":\"fl\",\"country\":\"United States\",\"zip\":\"33534\"},\"shipping\":{\"first_name\":\"Syed\",\"last_name\":\"Rizvi\",\"address1\":\"555555555\",\"phone\":\"8133777784\",\"city\":\"55555555\",\"province\":\"fl\",\"country\":\"United States\",\"zip\":\"33534\"},\"shipping_method\":{\"title\":\"Standard Shipping\",\"amount\":\"0.00\"},\"discount\":\"0.00\",\"status\":\"success\"}}}', '2018-07-31 10:37:23', '2018-07-31 10:37:23');
INSERT INTO `order_details` (`id`, `order_id`, `type`, `details`, `created_at`, `updated_at`) VALUES
(37, 37, 'shopify', '{\"order\":{\"stripe\":{\"charge_id\":\"ch_1CtofsBx1XSCrnF28ir1KWOI\",\"customer\":{\"customer\":\"cus_DKTcoXeQEP3lyj\",\"email\":\"rizvibiz@gmail.com\",\"first_name\":\"Syed\",\"last_name\":\"Rizvi\"},\"product\":{\"id\":11602310421,\"title\":\"Cat and Dog Paw Print Pendant Necklaces\",\"bump\":[]},\"amount\":100,\"total_amount\":1,\"balance_transaction\":\"txn_1CtofsBx1XSCrnF29wNz0Djp\",\"billing\":{\"first_name\":\"Syed\",\"last_name\":\"Rizvi\",\"address1\":\"555555555\",\"phone\":\"8133777784\",\"city\":\"55555555\",\"province\":\"fl\",\"country\":\"United States\",\"zip\":\"33534\"},\"shipping\":{\"first_name\":\"Syed\",\"last_name\":\"Rizvi\",\"address1\":\"555555555\",\"phone\":\"8133777784\",\"city\":\"55555555\",\"province\":\"fl\",\"country\":\"United States\",\"zip\":\"33534\"},\"shipping_method\":{\"title\":\"Free\",\"amount\":0},\"discount\":\"0.00\",\"source\":\"card_1CtofiBx1XSCrnF21QZVCjbf\",\"currency\":\"usd\",\"status\":\"succeeded\"},\"shopify\":{\"transaction_id\":725995323482,\"order_id\":565399486554,\"customer\":{\"id\":6759082837,\"email\":\"rizvibiz@gmail.com\",\"first_name\":\"Syed\",\"last_name\":\"Rizvi\"},\"line_items\":[{\"id\":1402731593818,\"variant_id\":51105794965,\"title\":\"Cat and Dog Paw Print Pendant Necklaces\",\"quantity\":1,\"price\":\"1.00\",\"sku\":\"6355794-gold-paw-print\",\"variant_title\":\"gold Paw Print\",\"vendor\":\"Shobaan\",\"fulfillment_service\":\"manual\",\"product_id\":11602310421,\"requires_shipping\":true,\"taxable\":false,\"gift_card\":false,\"name\":\"Cat and Dog Paw Print Pendant Necklaces - gold Paw Print\",\"variant_inventory_management\":\"shopify\",\"properties\":[],\"product_exists\":true,\"fulfillable_quantity\":0,\"grams\":0,\"total_discount\":\"0.00\",\"fulfillment_status\":\"fulfilled\",\"discount_allocations\":[],\"admin_graphql_api_id\":\"gid:\\/\\/shopify\\/LineItem\\/1402731593818\",\"tax_lines\":[]}],\"total_price\":\"1.00\",\"subtotal_price\":\"1.00\",\"total_tax\":\"0.00\",\"bump\":[],\"amount\":\"1.00\",\"currency\":\"USD\",\"source\":\"1818945\",\"billing\":{\"first_name\":\"Syed\",\"last_name\":\"Rizvi\",\"address1\":\"555555555\",\"phone\":\"8133777784\",\"city\":\"55555555\",\"province\":\"fl\",\"country\":\"United States\",\"zip\":\"33534\"},\"shipping\":{\"first_name\":\"Syed\",\"last_name\":\"Rizvi\",\"address1\":\"555555555\",\"phone\":\"8133777784\",\"city\":\"55555555\",\"province\":\"fl\",\"country\":\"United States\",\"zip\":\"33534\"},\"shipping_method\":{\"title\":\"Free\",\"amount\":0},\"discount\":\"0.00\",\"status\":\"success\"}}}', '2018-07-31 10:37:30', '2018-07-31 10:37:30'),
(38, 38, 'stripe', '{\"order\":{\"info\":{\"charge_id\":\"ch_1CvZFhBx1XSCrnF2EbNUlSPs\",\"customer\":{\"customer\":\"cus_DMHp6gu3ShYxFJ\",\"email\":\"rizvibiz@gmail.com\",\"first_name\":\"Syed\",\"last_name\":\"Rizvi\"},\"product\":{\"id\":12,\"title\":\"Sajda Mat\",\"bump\":{\"product\":{\"id\":11,\"title\":\"Pocket Salah Mats\",\"amount\":\"10.00\"}}},\"amount\":3597,\"total_amount\":45.969999999999998863131622783839702606201171875,\"balance_transaction\":\"txn_1CvZFiBx1XSCrnF2WzwuGC5K\",\"billing\":{\"first_name\":\"Syed\",\"last_name\":\"Rizvi\",\"address1\":\"12030 Citrus Leaf Drive, Gibsonton, FL, USA\",\"phone\":\"8133777784\",\"city\":\"Gibsonton\",\"province\":\"FL\",\"country\":\"United States\",\"zip\":\"33534-5658\"},\"shipping\":{\"first_name\":\"Syed\",\"last_name\":\"Rizvi\",\"address1\":\"12030 Citrus Leaf Drive, Gibsonton, FL, USA\",\"phone\":\"8133777784\",\"city\":\"Gibsonton\",\"province\":\"FL\",\"country\":\"United States\",\"zip\":\"33534-5658\"},\"shipping_method\":{\"title\":\"Free\",\"amount\":0},\"discount\":\"0.00\",\"source\":\"card_1CvZFfBx1XSCrnF2M6OwjE7a\",\"currency\":\"usd\",\"status\":\"succeeded\"},\"stripe\":{\"charge_id\":\"ch_1CvZFhBx1XSCrnF2EbNUlSPs\",\"customer\":{\"customer\":\"cus_DMHp6gu3ShYxFJ\",\"email\":\"rizvibiz@gmail.com\",\"first_name\":\"Syed\",\"last_name\":\"Rizvi\"},\"product\":{\"id\":12,\"title\":\"Sajda Mat\",\"bump\":{\"product\":{\"id\":11,\"title\":\"Pocket Salah Mats\",\"amount\":\"10.00\"}}},\"amount\":3597,\"total_amount\":45.969999999999998863131622783839702606201171875,\"balance_transaction\":\"txn_1CvZFiBx1XSCrnF2WzwuGC5K\",\"billing\":{\"first_name\":\"Syed\",\"last_name\":\"Rizvi\",\"address1\":\"12030 Citrus Leaf Drive, Gibsonton, FL, USA\",\"phone\":\"8133777784\",\"city\":\"Gibsonton\",\"province\":\"FL\",\"country\":\"United States\",\"zip\":\"33534-5658\"},\"shipping\":{\"first_name\":\"Syed\",\"last_name\":\"Rizvi\",\"address1\":\"12030 Citrus Leaf Drive, Gibsonton, FL, USA\",\"phone\":\"8133777784\",\"city\":\"Gibsonton\",\"province\":\"FL\",\"country\":\"United States\",\"zip\":\"33534-5658\"},\"shipping_method\":{\"title\":\"Free\",\"amount\":0},\"discount\":\"0.00\",\"source\":\"card_1CvZFfBx1XSCrnF2M6OwjE7a\",\"currency\":\"usd\",\"status\":\"succeeded\"}}}', '2018-08-05 06:33:43', '2018-08-05 06:33:43'),
(39, 39, 'stripe', '{\"order\":{\"info\":{\"charge_id\":\"ch_1CvZFhBx1XSCrnF2EbNUlSPs\",\"customer\":{\"customer\":\"cus_DMHp6gu3ShYxFJ\",\"email\":\"rizvibiz@gmail.com\",\"first_name\":\"Syed\",\"last_name\":\"Rizvi\"},\"product\":{\"id\":12,\"title\":\"Sajda Mat\",\"bump\":{\"product\":{\"id\":11,\"title\":\"Pocket Salah Mats\",\"amount\":\"10.00\"}}},\"amount\":3597,\"total_amount\":45.969999999999998863131622783839702606201171875,\"balance_transaction\":\"txn_1CvZFiBx1XSCrnF2WzwuGC5K\",\"billing\":{\"first_name\":\"Syed\",\"last_name\":\"Rizvi\",\"address1\":\"12030 Citrus Leaf Drive, Gibsonton, FL, USA\",\"phone\":\"8133777784\",\"city\":\"Gibsonton\",\"province\":\"FL\",\"country\":\"United States\",\"zip\":\"33534-5658\"},\"shipping\":{\"first_name\":\"Syed\",\"last_name\":\"Rizvi\",\"address1\":\"12030 Citrus Leaf Drive, Gibsonton, FL, USA\",\"phone\":\"8133777784\",\"city\":\"Gibsonton\",\"province\":\"FL\",\"country\":\"United States\",\"zip\":\"33534-5658\"},\"shipping_method\":{\"title\":\"Free\",\"amount\":0},\"discount\":\"0.00\",\"source\":\"card_1CvZFfBx1XSCrnF2M6OwjE7a\",\"currency\":\"usd\",\"status\":\"succeeded\"},\"stripe\":{\"charge_id\":\"ch_1CvZFhBx1XSCrnF2EbNUlSPs\",\"customer\":{\"customer\":\"cus_DMHp6gu3ShYxFJ\",\"email\":\"rizvibiz@gmail.com\",\"first_name\":\"Syed\",\"last_name\":\"Rizvi\"},\"product\":{\"id\":12,\"title\":\"Sajda Mat\",\"bump\":{\"product\":{\"id\":11,\"title\":\"Pocket Salah Mats\",\"amount\":\"10.00\"}}},\"amount\":3597,\"total_amount\":45.969999999999998863131622783839702606201171875,\"balance_transaction\":\"txn_1CvZFiBx1XSCrnF2WzwuGC5K\",\"billing\":{\"first_name\":\"Syed\",\"last_name\":\"Rizvi\",\"address1\":\"12030 Citrus Leaf Drive, Gibsonton, FL, USA\",\"phone\":\"8133777784\",\"city\":\"Gibsonton\",\"province\":\"FL\",\"country\":\"United States\",\"zip\":\"33534-5658\"},\"shipping\":{\"first_name\":\"Syed\",\"last_name\":\"Rizvi\",\"address1\":\"12030 Citrus Leaf Drive, Gibsonton, FL, USA\",\"phone\":\"8133777784\",\"city\":\"Gibsonton\",\"province\":\"FL\",\"country\":\"United States\",\"zip\":\"33534-5658\"},\"shipping_method\":{\"title\":\"Free\",\"amount\":0},\"discount\":\"0.00\",\"source\":\"card_1CvZFfBx1XSCrnF2M6OwjE7a\",\"currency\":\"usd\",\"status\":\"succeeded\"}}}', '2018-08-05 06:33:43', '2018-08-05 06:33:43'),
(40, 40, 'stripe', '{\"order\":{\"info\":{\"charge_id\":\"ch_1CvZG6Bx1XSCrnF2RiWzAA3y\",\"customer\":{\"customer\":\"cus_DMHp6gu3ShYxFJ\",\"email\":\"rizvibiz@gmail.com\",\"first_name\":\"Syed\",\"last_name\":\"Rizvi\"},\"product\":{\"id\":10,\"title\":\"Sajda Mat for Children\",\"bump\":[]},\"amount\":3497,\"total_amount\":34.969999999999998863131622783839702606201171875,\"balance_transaction\":\"txn_1CvZG6Bx1XSCrnF28bf073cd\",\"billing\":{\"first_name\":\"Syed\",\"last_name\":\"Rizvi\",\"address1\":\"12030 Citrus Leaf Drive, Gibsonton, FL, USA\",\"phone\":\"8133777784\",\"city\":\"Gibsonton\",\"province\":\"FL\",\"country\":\"United States\",\"zip\":\"33534-5658\"},\"shipping\":{\"first_name\":\"Syed\",\"last_name\":\"Rizvi\",\"address1\":\"12030 Citrus Leaf Drive, Gibsonton, FL, USA\",\"phone\":\"8133777784\",\"city\":\"Gibsonton\",\"province\":\"FL\",\"country\":\"United States\",\"zip\":\"33534-5658\"},\"shipping_method\":{\"title\":\"Free\",\"amount\":0},\"discount\":\"0.00\",\"source\":\"card_1CvZFfBx1XSCrnF2M6OwjE7a\",\"currency\":\"usd\",\"status\":\"succeeded\"},\"stripe\":{\"charge_id\":\"ch_1CvZG6Bx1XSCrnF2RiWzAA3y\",\"customer\":{\"customer\":\"cus_DMHp6gu3ShYxFJ\",\"email\":\"rizvibiz@gmail.com\",\"first_name\":\"Syed\",\"last_name\":\"Rizvi\"},\"product\":{\"id\":10,\"title\":\"Sajda Mat for Children\",\"bump\":[]},\"amount\":3497,\"total_amount\":34.969999999999998863131622783839702606201171875,\"balance_transaction\":\"txn_1CvZG6Bx1XSCrnF28bf073cd\",\"billing\":{\"first_name\":\"Syed\",\"last_name\":\"Rizvi\",\"address1\":\"12030 Citrus Leaf Drive, Gibsonton, FL, USA\",\"phone\":\"8133777784\",\"city\":\"Gibsonton\",\"province\":\"FL\",\"country\":\"United States\",\"zip\":\"33534-5658\"},\"shipping\":{\"first_name\":\"Syed\",\"last_name\":\"Rizvi\",\"address1\":\"12030 Citrus Leaf Drive, Gibsonton, FL, USA\",\"phone\":\"8133777784\",\"city\":\"Gibsonton\",\"province\":\"FL\",\"country\":\"United States\",\"zip\":\"33534-5658\"},\"shipping_method\":{\"title\":\"Free\",\"amount\":0},\"discount\":\"0.00\",\"source\":\"card_1CvZFfBx1XSCrnF2M6OwjE7a\",\"currency\":\"usd\",\"status\":\"succeeded\"}}}', '2018-08-05 06:34:06', '2018-08-05 06:34:06'),
(41, 41, 'stripe', '{\"order\":{\"info\":{\"charge_id\":\"ch_1CvZLoBx1XSCrnF2cPi0pLzc\",\"customer\":{\"customer\":\"cus_DMHvd94gqp9ZLs\",\"email\":\"rizvibiz@gmail.com\",\"first_name\":\"Syed\",\"last_name\":\"Rizvi\"},\"product\":{\"id\":12,\"title\":\"Sajda Mat\",\"bump\":{\"product\":{\"id\":11,\"title\":\"Pocket Salah Mats\",\"amount\":\"10.00\"}}},\"amount\":3597,\"total_amount\":45.969999999999998863131622783839702606201171875,\"balance_transaction\":\"txn_1CvZLpBx1XSCrnF2yRsOVTGT\",\"billing\":{\"first_name\":\"Syed\",\"last_name\":\"Rizvi\",\"address1\":\"12030 Citrus Leaf Drive, Gibsonton, FL, USA\",\"phone\":\"8133777784\",\"city\":\"Gibsonton\",\"province\":\"FL\",\"country\":\"United States\",\"zip\":\"33534-5658\"},\"shipping\":{\"first_name\":\"Syed\",\"last_name\":\"Rizvi\",\"address1\":\"12030 Citrus Leaf Drive, Gibsonton, FL, USA\",\"phone\":\"8133777784\",\"city\":\"Gibsonton\",\"province\":\"FL\",\"country\":\"United States\",\"zip\":\"33534-5658\"},\"shipping_method\":{\"title\":\"Free\",\"amount\":0},\"discount\":\"0.00\",\"source\":\"card_1CvZLnBx1XSCrnF2oEAFo356\",\"currency\":\"usd\",\"status\":\"succeeded\"},\"stripe\":{\"charge_id\":\"ch_1CvZLoBx1XSCrnF2cPi0pLzc\",\"customer\":{\"customer\":\"cus_DMHvd94gqp9ZLs\",\"email\":\"rizvibiz@gmail.com\",\"first_name\":\"Syed\",\"last_name\":\"Rizvi\"},\"product\":{\"id\":12,\"title\":\"Sajda Mat\",\"bump\":{\"product\":{\"id\":11,\"title\":\"Pocket Salah Mats\",\"amount\":\"10.00\"}}},\"amount\":3597,\"total_amount\":45.969999999999998863131622783839702606201171875,\"balance_transaction\":\"txn_1CvZLpBx1XSCrnF2yRsOVTGT\",\"billing\":{\"first_name\":\"Syed\",\"last_name\":\"Rizvi\",\"address1\":\"12030 Citrus Leaf Drive, Gibsonton, FL, USA\",\"phone\":\"8133777784\",\"city\":\"Gibsonton\",\"province\":\"FL\",\"country\":\"United States\",\"zip\":\"33534-5658\"},\"shipping\":{\"first_name\":\"Syed\",\"last_name\":\"Rizvi\",\"address1\":\"12030 Citrus Leaf Drive, Gibsonton, FL, USA\",\"phone\":\"8133777784\",\"city\":\"Gibsonton\",\"province\":\"FL\",\"country\":\"United States\",\"zip\":\"33534-5658\"},\"shipping_method\":{\"title\":\"Free\",\"amount\":0},\"discount\":\"0.00\",\"source\":\"card_1CvZLnBx1XSCrnF2oEAFo356\",\"currency\":\"usd\",\"status\":\"succeeded\"}}}', '2018-08-05 06:40:02', '2018-08-05 06:40:02'),
(42, 42, 'stripe', '{\"order\":{\"info\":{\"charge_id\":\"ch_1CvZLoBx1XSCrnF2cPi0pLzc\",\"customer\":{\"customer\":\"cus_DMHvd94gqp9ZLs\",\"email\":\"rizvibiz@gmail.com\",\"first_name\":\"Syed\",\"last_name\":\"Rizvi\"},\"product\":{\"id\":12,\"title\":\"Sajda Mat\",\"bump\":{\"product\":{\"id\":11,\"title\":\"Pocket Salah Mats\",\"amount\":\"10.00\"}}},\"amount\":3597,\"total_amount\":45.969999999999998863131622783839702606201171875,\"balance_transaction\":\"txn_1CvZLpBx1XSCrnF2yRsOVTGT\",\"billing\":{\"first_name\":\"Syed\",\"last_name\":\"Rizvi\",\"address1\":\"12030 Citrus Leaf Drive, Gibsonton, FL, USA\",\"phone\":\"8133777784\",\"city\":\"Gibsonton\",\"province\":\"FL\",\"country\":\"United States\",\"zip\":\"33534-5658\"},\"shipping\":{\"first_name\":\"Syed\",\"last_name\":\"Rizvi\",\"address1\":\"12030 Citrus Leaf Drive, Gibsonton, FL, USA\",\"phone\":\"8133777784\",\"city\":\"Gibsonton\",\"province\":\"FL\",\"country\":\"United States\",\"zip\":\"33534-5658\"},\"shipping_method\":{\"title\":\"Free\",\"amount\":0},\"discount\":\"0.00\",\"source\":\"card_1CvZLnBx1XSCrnF2oEAFo356\",\"currency\":\"usd\",\"status\":\"succeeded\"},\"stripe\":{\"charge_id\":\"ch_1CvZLoBx1XSCrnF2cPi0pLzc\",\"customer\":{\"customer\":\"cus_DMHvd94gqp9ZLs\",\"email\":\"rizvibiz@gmail.com\",\"first_name\":\"Syed\",\"last_name\":\"Rizvi\"},\"product\":{\"id\":12,\"title\":\"Sajda Mat\",\"bump\":{\"product\":{\"id\":11,\"title\":\"Pocket Salah Mats\",\"amount\":\"10.00\"}}},\"amount\":3597,\"total_amount\":45.969999999999998863131622783839702606201171875,\"balance_transaction\":\"txn_1CvZLpBx1XSCrnF2yRsOVTGT\",\"billing\":{\"first_name\":\"Syed\",\"last_name\":\"Rizvi\",\"address1\":\"12030 Citrus Leaf Drive, Gibsonton, FL, USA\",\"phone\":\"8133777784\",\"city\":\"Gibsonton\",\"province\":\"FL\",\"country\":\"United States\",\"zip\":\"33534-5658\"},\"shipping\":{\"first_name\":\"Syed\",\"last_name\":\"Rizvi\",\"address1\":\"12030 Citrus Leaf Drive, Gibsonton, FL, USA\",\"phone\":\"8133777784\",\"city\":\"Gibsonton\",\"province\":\"FL\",\"country\":\"United States\",\"zip\":\"33534-5658\"},\"shipping_method\":{\"title\":\"Free\",\"amount\":0},\"discount\":\"0.00\",\"source\":\"card_1CvZLnBx1XSCrnF2oEAFo356\",\"currency\":\"usd\",\"status\":\"succeeded\"}}}', '2018-08-05 06:40:02', '2018-08-05 06:40:02'),
(43, 43, 'stripe', '{\"order\":{\"info\":{\"charge_id\":\"ch_1CvZMABx1XSCrnF2BiXnBYf8\",\"customer\":{\"customer\":\"cus_DMHvd94gqp9ZLs\",\"email\":\"rizvibiz@gmail.com\",\"first_name\":\"Syed\",\"last_name\":\"Rizvi\"},\"product\":{\"id\":10,\"title\":\"Sajda Mat for Children\",\"bump\":[]},\"amount\":9591,\"total_amount\":95.909999999999996589394868351519107818603515625,\"balance_transaction\":\"txn_1CvZMABx1XSCrnF2NT9BvInT\",\"billing\":{\"first_name\":\"Syed\",\"last_name\":\"Rizvi\",\"address1\":\"12030 Citrus Leaf Drive, Gibsonton, FL, USA\",\"phone\":\"8133777784\",\"city\":\"Gibsonton\",\"province\":\"FL\",\"country\":\"United States\",\"zip\":\"33534-5658\"},\"shipping\":{\"first_name\":\"Syed\",\"last_name\":\"Rizvi\",\"address1\":\"12030 Citrus Leaf Drive, Gibsonton, FL, USA\",\"phone\":\"8133777784\",\"city\":\"Gibsonton\",\"province\":\"FL\",\"country\":\"United States\",\"zip\":\"33534-5658\"},\"shipping_method\":{\"title\":\"Free\",\"amount\":0},\"discount\":\"0.00\",\"source\":\"card_1CvZLnBx1XSCrnF2oEAFo356\",\"currency\":\"usd\",\"status\":\"succeeded\"},\"stripe\":{\"charge_id\":\"ch_1CvZMABx1XSCrnF2BiXnBYf8\",\"customer\":{\"customer\":\"cus_DMHvd94gqp9ZLs\",\"email\":\"rizvibiz@gmail.com\",\"first_name\":\"Syed\",\"last_name\":\"Rizvi\"},\"product\":{\"id\":10,\"title\":\"Sajda Mat for Children\",\"bump\":[]},\"amount\":9591,\"total_amount\":95.909999999999996589394868351519107818603515625,\"balance_transaction\":\"txn_1CvZMABx1XSCrnF2NT9BvInT\",\"billing\":{\"first_name\":\"Syed\",\"last_name\":\"Rizvi\",\"address1\":\"12030 Citrus Leaf Drive, Gibsonton, FL, USA\",\"phone\":\"8133777784\",\"city\":\"Gibsonton\",\"province\":\"FL\",\"country\":\"United States\",\"zip\":\"33534-5658\"},\"shipping\":{\"first_name\":\"Syed\",\"last_name\":\"Rizvi\",\"address1\":\"12030 Citrus Leaf Drive, Gibsonton, FL, USA\",\"phone\":\"8133777784\",\"city\":\"Gibsonton\",\"province\":\"FL\",\"country\":\"United States\",\"zip\":\"33534-5658\"},\"shipping_method\":{\"title\":\"Free\",\"amount\":0},\"discount\":\"0.00\",\"source\":\"card_1CvZLnBx1XSCrnF2oEAFo356\",\"currency\":\"usd\",\"status\":\"succeeded\"}}}', '2018-08-05 06:40:23', '2018-08-05 06:40:23'),
(44, 44, 'stripe', '{\"order\":{\"info\":{\"id\":\"PAYID-LNTSNZA0YD30233RD325664H\",\"customer\":{\"email\":\"ummahzonllc@gmail.com\",\"first_name\":\"syed\",\"last_name\":\"Rizvi\"},\"product\":{\"id\":12,\"title\":\"Sajda Mat\",\"bump\":[]},\"amount\":\"1.00\",\"total_amount\":\"1.00\",\"billing\":{\"line1\":\"12030 Citrus Leaf Drive, Gibsonton, FL, USA\",\"city\":\"Gibsonton\",\"state\":\"FL\",\"postal_code\":\"33534-5658\",\"country_code\":\"US\"},\"shipping\":{\"recipient_name\":\"Syed Rizvi\",\"line1\":\"12030 Citrus Leaf Drive, Gibsonton, FL, USA\",\"city\":\"Gibsonton\",\"country_code\":\"United States\",\"postal_code\":\"33534-5658\",\"phone\":\"8133777784\",\"state\":\"FL\"},\"shipping_method\":{\"title\":\"Free\",\"amount\":0},\"discount\":\"0.00\",\"currency\":\"USD\",\"status\":\"approved\"},\"paypal\":{\"id\":\"PAYID-LNTSNZA0YD30233RD325664H\",\"customer\":{\"email\":\"ummahzonllc@gmail.com\",\"first_name\":\"syed\",\"last_name\":\"Rizvi\"},\"product\":{\"id\":12,\"title\":\"Sajda Mat\",\"bump\":[]},\"amount\":\"1.00\",\"total_amount\":\"1.00\",\"billing\":{\"line1\":\"12030 Citrus Leaf Drive, Gibsonton, FL, USA\",\"city\":\"Gibsonton\",\"state\":\"FL\",\"postal_code\":\"33534-5658\",\"country_code\":\"US\"},\"shipping\":{\"recipient_name\":\"Syed Rizvi\",\"line1\":\"12030 Citrus Leaf Drive, Gibsonton, FL, USA\",\"city\":\"Gibsonton\",\"country_code\":\"United States\",\"postal_code\":\"33534-5658\",\"phone\":\"8133777784\",\"state\":\"FL\"},\"shipping_method\":{\"title\":\"Free\",\"amount\":0},\"discount\":\"0.00\",\"currency\":\"USD\",\"status\":\"approved\"}}}', '2018-08-06 00:03:16', '2018-08-06 00:03:16'),
(45, 45, 'stripe', '{\"order\":{\"info\":{\"id\":\"PAY-5S328606K8046624BLNTTR3I\",\"customer\":{\"email\":\"a_ahmed530@yahoo.com\",\"first_name\":\"Syada\",\"last_name\":\"Ahmed\"},\"product\":{\"id\":12,\"title\":\"Sajda Mat\",\"bump\":[]},\"amount\":\"35.97\",\"total_amount\":\"35.97\",\"billing\":{\"line1\":\"1550 Bristol Lane\",\"city\":\"Wood Dale\",\"state\":\"IL\",\"postal_code\":\"60191\",\"country_code\":\"US\"},\"shipping\":{\"recipient_name\":\"Asia Ahmed\",\"line1\":\"1550 Bristol Lane\",\"city\":\"Wood Dale\",\"country_code\":\"United States\",\"postal_code\":\"60191\",\"phone\":\"6302052001\",\"state\":\"IL\"},\"shipping_method\":{\"title\":\"Free\",\"amount\":0},\"discount\":\"0.00\",\"currency\":\"USD\",\"status\":\"approved\"},\"paypal\":{\"id\":\"PAY-5S328606K8046624BLNTTR3I\",\"customer\":{\"email\":\"a_ahmed530@yahoo.com\",\"first_name\":\"Syada\",\"last_name\":\"Ahmed\"},\"product\":{\"id\":12,\"title\":\"Sajda Mat\",\"bump\":[]},\"amount\":\"35.97\",\"total_amount\":\"35.97\",\"billing\":{\"line1\":\"1550 Bristol Lane\",\"city\":\"Wood Dale\",\"state\":\"IL\",\"postal_code\":\"60191\",\"country_code\":\"US\"},\"shipping\":{\"recipient_name\":\"Asia Ahmed\",\"line1\":\"1550 Bristol Lane\",\"city\":\"Wood Dale\",\"country_code\":\"United States\",\"postal_code\":\"60191\",\"phone\":\"6302052001\",\"state\":\"IL\"},\"shipping_method\":{\"title\":\"Free\",\"amount\":0},\"discount\":\"0.00\",\"currency\":\"USD\",\"status\":\"approved\"}}}', '2018-08-06 00:51:10', '2018-08-06 00:51:10'),
(46, 46, 'stripe', '{\"order\":{\"info\":{\"charge_id\":\"ch_1Cvz3HBx1XSCrnF20pkAbSiM\",\"customer\":{\"customer\":\"cus_DMiUaoTW5i8Fxt\",\"email\":\"rizvibiz@gmail.com\",\"first_name\":\"Syed\",\"last_name\":\"Rizvi\"},\"product\":{\"id\":13,\"title\":\"Sajda Mat\",\"bump\":[]},\"amount\":150,\"total_amount\":1.5,\"balance_transaction\":\"txn_1Cvz3IBx1XSCrnF27JbUZlPw\",\"billing\":{\"first_name\":\"Syed\",\"last_name\":\"Rizvi\",\"address1\":\"12030 Citrus Leaf Drive, Gibsonton, FL, USA\",\"phone\":\"8133777784\",\"city\":\"Gibsonton\",\"province\":\"FL\",\"country\":\"United States\",\"zip\":\"33534\"},\"shipping\":{\"first_name\":\"Syed\",\"last_name\":\"Rizvi\",\"address1\":\"12030 Citrus Leaf Drive, Gibsonton, FL, USA\",\"phone\":\"8133777784\",\"city\":\"Gibsonton\",\"province\":\"FL\",\"country\":\"United States\",\"zip\":\"33534\"},\"shipping_method\":{\"title\":\"Free\",\"amount\":0},\"discount\":\"0.00\",\"source\":\"card_1Cvz3EBx1XSCrnF2jQmMqtIh\",\"currency\":\"usd\",\"status\":\"succeeded\"},\"stripe\":{\"charge_id\":\"ch_1Cvz3HBx1XSCrnF20pkAbSiM\",\"customer\":{\"customer\":\"cus_DMiUaoTW5i8Fxt\",\"email\":\"rizvibiz@gmail.com\",\"first_name\":\"Syed\",\"last_name\":\"Rizvi\"},\"product\":{\"id\":13,\"title\":\"Sajda Mat\",\"bump\":[]},\"amount\":150,\"total_amount\":1.5,\"balance_transaction\":\"txn_1Cvz3IBx1XSCrnF27JbUZlPw\",\"billing\":{\"first_name\":\"Syed\",\"last_name\":\"Rizvi\",\"address1\":\"12030 Citrus Leaf Drive, Gibsonton, FL, USA\",\"phone\":\"8133777784\",\"city\":\"Gibsonton\",\"province\":\"FL\",\"country\":\"United States\",\"zip\":\"33534\"},\"shipping\":{\"first_name\":\"Syed\",\"last_name\":\"Rizvi\",\"address1\":\"12030 Citrus Leaf Drive, Gibsonton, FL, USA\",\"phone\":\"8133777784\",\"city\":\"Gibsonton\",\"province\":\"FL\",\"country\":\"United States\",\"zip\":\"33534\"},\"shipping_method\":{\"title\":\"Free\",\"amount\":0},\"discount\":\"0.00\",\"source\":\"card_1Cvz3EBx1XSCrnF2jQmMqtIh\",\"currency\":\"usd\",\"status\":\"succeeded\"}}}', '2018-08-06 10:06:36', '2018-08-06 10:06:36');

-- --------------------------------------------------------

--
-- Table structure for table `order_products`
--

CREATE TABLE `order_products` (
  `id` int(10) UNSIGNED NOT NULL,
  `order_id` int(11) NOT NULL,
  `product_id` varchar(191) COLLATE utf8mb4_unicode_ci NOT NULL,
  `variant_details` text COLLATE utf8mb4_unicode_ci,
  `product_name` varchar(191) COLLATE utf8mb4_unicode_ci NOT NULL,
  `product_type` varchar(191) COLLATE utf8mb4_unicode_ci NOT NULL,
  `status` tinyint(4) NOT NULL DEFAULT '1',
  `created_at` timestamp NULL DEFAULT NULL,
  `updated_at` timestamp NULL DEFAULT NULL
) ENGINE=InnoDB DEFAULT CHARSET=utf8mb4 COLLATE=utf8mb4_unicode_ci;

--
-- Dumping data for table `order_products`
--

INSERT INTO `order_products` (`id`, `order_id`, `product_id`, `variant_details`, `product_name`, `product_type`, `status`, `created_at`, `updated_at`) VALUES
(1, 1, '4', NULL, 'Veirdo Men\'s Cotton T-Shirt Black Maroon Casual T-Shirt', 'manual', 1, '2018-07-27 06:22:29', '2018-07-27 06:22:29'),
(2, 2, '3', NULL, 'Urbano Fashion Men\'s Black, Grey, Yellow Round Neck Full Sleeve T-Shirt', 'manual', 1, '2018-07-27 06:22:29', '2018-07-27 06:22:29'),
(3, 3, '1', NULL, 'Try This Tshirt for Man Charcoal Grey Boat Neck Full Sleeve Tshirt', 'manual', 1, '2018-07-27 06:22:36', '2018-07-27 06:22:36'),
(4, 4, '4', NULL, 'Veirdo Men\'s Cotton T-Shirt Black Maroon Casual T-Shirt', 'manual', 1, '2018-07-27 06:45:26', '2018-07-27 06:45:26'),
(5, 5, '4', NULL, 'Veirdo Men\'s Cotton T-Shirt Black Maroon Casual T-Shirt', 'manual', 1, '2018-07-27 06:49:03', '2018-07-27 06:49:03'),
(6, 7, '4', NULL, 'Veirdo Men\'s Cotton T-Shirt Black Maroon Casual T-Shirt', 'manual', 1, '2018-07-27 06:54:21', '2018-07-27 06:54:21'),
(7, 8, '3', NULL, 'Urbano Fashion Men\'s Black, Grey, Yellow Round Neck Full Sleeve T-Shirt', 'manual', 1, '2018-07-27 06:54:21', '2018-07-27 06:54:21'),
(8, 9, '4', NULL, 'Veirdo Men\'s Cotton T-Shirt Black Maroon Casual T-Shirt', 'manual', 1, '2018-07-27 06:57:14', '2018-07-27 06:57:14'),
(9, 10, '3', NULL, 'Urbano Fashion Men\'s Black, Grey, Yellow Round Neck Full Sleeve T-Shirt', 'manual', 1, '2018-07-27 06:57:14', '2018-07-27 06:57:14'),
(10, 11, '4', NULL, 'Veirdo Men\'s Cotton T-Shirt Black Maroon Casual T-Shirt', 'manual', 1, '2018-07-27 07:05:28', '2018-07-27 07:05:28'),
(11, 12, '3', NULL, 'Urbano Fashion Men\'s Black, Grey, Yellow Round Neck Full Sleeve T-Shirt', 'manual', 1, '2018-07-27 07:05:28', '2018-07-27 07:05:28'),
(12, 13, '4', NULL, 'Veirdo Men\'s Cotton T-Shirt Black Maroon Casual T-Shirt', 'manual', 1, '2018-07-27 07:13:38', '2018-07-27 07:13:38'),
(13, 14, '3', NULL, 'Urbano Fashion Men\'s Black, Grey, Yellow Round Neck Full Sleeve T-Shirt', 'manual', 1, '2018-07-27 07:13:38', '2018-07-27 07:13:38'),
(14, 15, '1', NULL, 'Try This Tshirt for Man Charcoal Grey Boat Neck Full Sleeve Tshirt', 'manual', 1, '2018-07-27 07:14:07', '2018-07-27 07:14:07'),
(15, 16, '3', NULL, 'Urbano Fashion Men\'s Black, Grey, Yellow Round Neck Full Sleeve T-Shirt', 'manual', 1, '2018-07-27 07:15:20', '2018-07-27 07:15:20'),
(16, 19, '11602315221', NULL, '2pcs/set Gold Silver Color Dog Bone Best Friends Charm Necklace and Keychain Handstamped BFF Bones Friendship Jewelry', 'shopify', 1, '2018-07-27 08:03:33', '2018-07-27 08:03:33'),
(17, 20, '11602337429', NULL, 'Dog Paw Print Heart Necklace for Women', 'shopify', 1, '2018-07-27 08:03:33', '2018-07-27 08:03:33'),
(18, 21, '11699681877', NULL, 'Dog Lion Wigs Mane Hair for Halloween', 'shopify', 1, '2018-07-27 08:03:49', '2018-07-27 08:03:49'),
(19, 22, '11602302677', NULL, 'Paw Silver Necklace Dog Bone Tag 18 inch Pendant Necklace', 'shopify', 1, '2018-07-27 08:04:05', '2018-07-27 08:04:05'),
(20, 23, '11602315221', NULL, '2pcs/set Gold Silver Color Dog Bone Best Friends Charm Necklace and Keychain Handstamped BFF Bones Friendship Jewelry', 'shopify', 1, '2018-07-27 08:19:04', '2018-07-27 08:19:04'),
(21, 24, '11602337429', NULL, 'Dog Paw Print Heart Necklace for Women', 'shopify', 1, '2018-07-27 08:19:05', '2018-07-27 08:19:05'),
(22, 25, '11699681877', NULL, 'Dog Lion Wigs Mane Hair for Halloween', 'shopify', 1, '2018-07-27 08:19:42', '2018-07-27 08:19:42'),
(23, 26, '11602302677', NULL, 'Paw Silver Necklace Dog Bone Tag 18 inch Pendant Necklace', 'shopify', 1, '2018-07-27 08:20:19', '2018-07-27 08:20:19'),
(24, 27, '-1282056747', NULL, 'Cute Puppy  Cartoon Dog Six Colors PU Leather Women Wallets Ladies Clutch Zipper Long Card Holder', 'shopify', 1, '2018-07-30 10:24:45', '2018-07-30 10:24:45'),
(25, 28, '-1282591467', NULL, 'Cat and Dog Paw Print Pendant Necklaces', 'shopify', 1, '2018-07-30 10:24:45', '2018-07-30 10:24:45'),
(26, 29, '-1282591467', NULL, 'Cat and Dog Paw Print Pendant Necklaces', 'shopify', 1, '2018-07-30 10:25:24', '2018-07-30 10:25:24'),
(27, 30, '-1282056747', NULL, 'Cute Puppy  Cartoon Dog Six Colors PU Leather Women Wallets Ladies Clutch Zipper Long Card Holder', 'shopify', 1, '2018-07-31 05:56:14', '2018-07-31 05:56:14'),
(28, 31, '-1282056747', NULL, 'Cute Puppy  Cartoon Dog Six Colors PU Leather Women Wallets Ladies Clutch Zipper Long Card Holder', 'shopify', 1, '2018-07-31 10:16:26', '2018-07-31 10:16:26'),
(29, 32, '-1282591467', NULL, 'Cat and Dog Paw Print Pendant Necklaces', 'manual', 1, '2018-07-31 10:16:26', '2018-07-31 10:16:26'),
(30, 33, '-1282591467', NULL, 'Cat and Dog Paw Print Pendant Necklaces', 'shopify', 1, '2018-07-31 10:17:04', '2018-07-31 10:17:04'),
(31, 34, '-1282056747', NULL, 'Cute Puppy  Cartoon Dog Six Colors PU Leather Women Wallets Ladies Clutch Zipper Long Card Holder', 'shopify', 1, '2018-07-31 10:25:28', '2018-07-31 10:25:28'),
(32, 35, '-1282591467', NULL, 'Cat and Dog Paw Print Pendant Necklaces', 'shopify', 1, '2018-07-31 10:25:38', '2018-07-31 10:25:38'),
(33, 36, '-1282056747', NULL, 'Cute Puppy  Cartoon Dog Six Colors PU Leather Women Wallets Ladies Clutch Zipper Long Card Holder', 'shopify', 1, '2018-07-31 10:37:23', '2018-07-31 10:37:23'),
(34, 37, '-1282591467', NULL, 'Cat and Dog Paw Print Pendant Necklaces', 'shopify', 1, '2018-07-31 10:37:30', '2018-07-31 10:37:30'),
(35, 38, '12', NULL, 'Sajda Mat', 'manual', 1, '2018-08-05 06:33:43', '2018-08-05 06:33:43'),
(36, 39, '11', NULL, 'Pocket Salah Mats', 'manual', 1, '2018-08-05 06:33:43', '2018-08-05 06:33:43'),
(37, 40, '10', NULL, 'Sajda Mat for Children', 'manual', 1, '2018-08-05 06:34:06', '2018-08-05 06:34:06'),
(38, 41, '12', NULL, 'Sajda Mat', 'manual', 1, '2018-08-05 06:40:02', '2018-08-05 06:40:02'),
(39, 42, '11', NULL, 'Pocket Salah Mats', 'manual', 1, '2018-08-05 06:40:02', '2018-08-05 06:40:02'),
(40, 43, '10', NULL, 'Sajda Mat for Children', 'manual', 1, '2018-08-05 06:40:23', '2018-08-05 06:40:23'),
(41, 44, '12', NULL, 'Sajda Mat', 'manual', 1, '2018-08-06 00:03:16', '2018-08-06 00:03:16'),
(42, 45, '12', NULL, 'Sajda Mat', 'manual', 1, '2018-08-06 00:51:10', '2018-08-06 00:51:10'),
(43, 46, '13', NULL, 'Sajda Mat', 'manual', 1, '2018-08-06 10:06:36', '2018-08-06 10:06:36');

-- --------------------------------------------------------

--
-- Table structure for table `pages`
--

CREATE TABLE `pages` (
  `id` int(10) UNSIGNED NOT NULL,
  `funnel_id` int(11) NOT NULL,
  `funnel_step_id` int(11) NOT NULL,
  `slug` varchar(191) COLLATE utf8mb4_unicode_ci NOT NULL,
  `content` longtext COLLATE utf8mb4_unicode_ci NOT NULL,
  `image` varchar(191) COLLATE utf8mb4_unicode_ci NOT NULL,
  `page_update_status` tinyint(1) DEFAULT '0',
  `created_at` timestamp NULL DEFAULT NULL,
  `updated_at` timestamp NULL DEFAULT NULL
) ENGINE=InnoDB DEFAULT CHARSET=utf8mb4 COLLATE=utf8mb4_unicode_ci;

--
-- Dumping data for table `pages`
--

INSERT INTO `pages` (`id`, `funnel_id`, `funnel_step_id`, `slug`, `content`, `image`, `page_update_status`, `created_at`, `updated_at`) VALUES
(1, 2, 1, 'product-page1531041718', '{\"_method\":\"PUT\",\"_token\":\"2A7PJSmTQ7kqBwOCtVmg4fXmwvE8epyxp6OCr5R1\",\"name\":\"Product Page\",\"htmlbody\":\"                    <!--<form id=\\\"frm_htmleditor_container\\\" action=\\\"http://127.0.0.1:8000/product/checkout\\\" method=\\\"post\\\" class=\\\"frm-new-builder-container\\\" >-->                                            <form id=\\\"frm_htmleditor_container\\\" class=\\\"validate-form\\\" action=\\\"http://127.0.0.1:8000/product/checkout\\\" method=\\\"post\\\" data-parsley-validate=\\\"\\\">                            <input id=\\\"frm_csrf_token\\\" name=\\\"frm_csrf_token\\\" value=\\\"2A7PJSmTQ7kqBwOCtVmg4fXmwvE8epyxp6OCr5R1\\\" type=\\\"hidden\\\">                            <input id=\\\"frm_hid_user_id\\\" name=\\\"frm_hid_user_id\\\" value=\\\"1\\\" type=\\\"hidden\\\">                            <input id=\\\"frm_hid_funnel_id\\\" name=\\\"frm_hid_funnel_id\\\" value=\\\"2\\\" type=\\\"hidden\\\">                            <input id=\\\"frm_hid_funnel_step_id\\\" name=\\\"frm_hid_funnel_step_id\\\" value=\\\"1\\\" type=\\\"hidden\\\">                            <input id=\\\"frm_hid_page_id\\\" name=\\\"frm_hid_page_id\\\" value=\\\"1\\\" type=\\\"hidden\\\">                                                        <div class=\\\"editor-container element-type-main clearfix text-center\\\">                                <div class=\\\"section-groups\\\" id=\\\"main-html-container\\\">                                    <button style=\\\"margin-top: 30px; width: 70%\\\" class=\\\"add-inner-element btn btn-primary add-element\\\" data-section-id=\\\"row\\\" id=\\\"row_modal\\\" alt=\\\"Add elements\\\" data-toggle=\\\"modal\\\" data-target=\\\"#rowModal\\\">ADD SECTION                                    </button>                                </div>                            </div>                        </form>                                    \",\"pagestyle\":\"\",\"pagebackground\":\"\",\"tracking_header\":\"\",\"tracking_footer\":\"\"}', 'blank_template.png', 0, '2018-07-08 03:52:58', '2018-07-08 03:53:00'),
(2, 2, 3, 'test1531053664', '{\"_method\":\"PUT\",\"_token\":\"VeeUAm3LEt1vLrEFqW9BozQHX86Lz2Cij91gO5fK\",\"name\":\"Test\",\"htmlbody\":\"                    <form id=\\\"frm_htmleditor_container\\\" class=\\\"validate-form frm_htmleditor_container\\\" action=\\\"http://127.0.0.1:8000/order\\\" method=\\\"post\\\" data-parsley-validate=\\\"\\\">                                                                <!--<form id=\\\"frm_htmleditor_container\\\" action=\\\"http://127.0.0.1:8000/order\\\" method=\\\"post\\\" class=\\\"frm-new-builder-container\\\" >-->                                                                <!--<form id=\\\"frm_htmleditor_container\\\" action=\\\"http://127.0.0.1:8000/order\\\" method=\\\"post\\\" class=\\\"frm-new-builder-container\\\" >-->                                                                <!--<form id=\\\"frm_htmleditor_container\\\" action=\\\"http://127.0.0.1:8000/order\\\" method=\\\"post\\\" class=\\\"frm-new-builder-container\\\" >-->                                                                <!--<form id=\\\"frm_htmleditor_container\\\" action=\\\"http://127.0.0.1:8000/order\\\" method=\\\"post\\\" class=\\\"frm-new-builder-container\\\" >-->                                                                <!--<form id=\\\"frm_htmleditor_container\\\" action=\\\"http://127.0.0.1:8000/order\\\" method=\\\"post\\\" class=\\\"frm-new-builder-container\\\" >-->                                                                        <input id=\\\"frm_csrf_token\\\" name=\\\"frm_csrf_token\\\" value=\\\"VeeUAm3LEt1vLrEFqW9BozQHX86Lz2Cij91gO5fK\\\" type=\\\"hidden\\\">                            <input id=\\\"frm_hid_user_id\\\" name=\\\"frm_hid_user_id\\\" value=\\\"1\\\" type=\\\"hidden\\\">                            <input id=\\\"frm_hid_funnel_id\\\" name=\\\"frm_hid_funnel_id\\\" value=\\\"2\\\" type=\\\"hidden\\\">                            <input id=\\\"frm_hid_funnel_step_id\\\" name=\\\"frm_hid_funnel_step_id\\\" value=\\\"3\\\" type=\\\"hidden\\\">                            <input id=\\\"frm_hid_page_id\\\" name=\\\"frm_hid_page_id\\\" value=\\\"2\\\" type=\\\"hidden\\\">                                                        <div class=\\\"editor-container element-type-main clearfix text-center\\\">                                <div class=\\\"section-groups ui-sortable\\\" id=\\\"main-html-container\\\">                                                                    <section class=\\\"section element element-section element-section-full ld-element element-type-row clearfix\\\" data-de-type=\\\"row\\\" data-row-type=\\\"big\\\" id=\\\"section_big_row1531282338\\\" style=\\\"background-color:transparent\\\">    <div class=\\\"row-groups clearfix ui-sortable\\\"><div class=\\\"rows element element-row element-type-grid ld-element clearfix\\\" id=\\\"section_grid_grid21531282344\\\" data-de-type=\\\"grid\\\">            <div class=\\\"col-md-6 sub-parent\\\">            <div class=\\\"element-groups ui-sortable\\\">                            <div class=\\\"ld-element text-block-wrapper inline-element\\\" id=\\\"elements_text_block1531282347\\\" data-de-type=\\\"text-block\\\">        <div class=\\\"element-text-block lh1 size3 ld-margin0 element-text-shadow\\\" style=\\\"margin-top:0px;margin-bottom:0px;margin-left:0px;margin-right:0px;\\\">            <div class=\\\"wrapper ld_editable\\\" style=\\\"padding-top:0px;padding-bottom:0px;padding-left:0px;padding-right:0px;\\\">                <b class=\\\"\\\">Large Call to Action Headline</b>                <div class=\\\"size1 lh20\\\" style=\\\"padiing-top:10px;\\\">Lorem ipsum dolor sit amet, consectetur adipisicing elit. Autem dolore, alias, numquam                    enim ab voluptate id quam harum ducimus cupiditate similique quisquam et deserunt, recusandae.</div>            </div>        </div>        <!-- controls -->        <div class=\\\"ld_inline_controls\\\">            <ul class=\\\"ld_option_menu\\\">                <!--<li class=\\\"ld_controls_editor\\\"><i class=\\\"fa fa-code\\\" aria-hidden=\\\"true\\\"></i></li>-->                <li class=\\\"ld_controls_move\\\"><i class=\\\"fa fa-arrows\\\" aria-hidden=\\\"true\\\"></i></li>                <li class=\\\"ld_controls_clone\\\"><i class=\\\"fa fa-files-o\\\" aria-hidden=\\\"true\\\"></i></li>                <li class=\\\"ld_controls_edit open-text-block-settings\\\" data-toggle=\\\"modal\\\" data-target=\\\"#textBlockSettingsModal\\\"><i class=\\\"fa fa-cog\\\" aria-hidden=\\\"true\\\"></i></li>                <li class=\\\"ld_controls_close\\\"><i class=\\\"fa fa-times\\\" aria-hidden=\\\"true\\\"></i></li>            </ul>        </div>        <button type=\\\"button\\\" class=\\\"addElementFlyoutDOM replace-element\\\" data-section-id=\\\"element-all\\\" alt=\\\"Add elements\\\" data-toggle=\\\"modal\\\" data-target=\\\"#elementModal\\\"><i class=\\\"fa fa-plus\\\"></i></button>    </div></div>        </div>        <div class=\\\"col-md-6 sub-parent\\\">            <div class=\\\"element-groups ui-sortable\\\">                <button class=\\\"add-inner-element btn btn-primary add-element ui-sortable-handle\\\" data-section-id=\\\"element\\\" id=\\\"element_modal\\\" alt=\\\"Add elements\\\" data-toggle=\\\"modal\\\" data-target=\\\"#elementModal\\\">ADD ELEMENT                </button>            </div>        </div>        <button class=\\\"btn btn-transparent add-element content-add-element add-grid\\\" data-section-id=\\\"grid\\\" id=\\\"grid_modal\\\" alt=\\\"Add elements\\\" data-toggle=\\\"modal\\\" data-target=\\\"#gridModal\\\">        <i class=\\\"fa fa-plus\\\"></i>    </button>    <!--<div class=\\\"de-row-col-2\\\" style=\\\"display: block;\\\"></div>-->    <!-- controls -->    <div class=\\\"ld_controls grid_ld_controls\\\" style=\\\"top: -24px; bottom: initial;\\\">        <ul class=\\\"ld_option_menu\\\">            <li class=\\\"ld_controls_move\\\"><i class=\\\"fa fa-arrows\\\" aria-hidden=\\\"true\\\"></i></li>            <li class=\\\"ld_controls_clone\\\"><i class=\\\"fa fa-files-o\\\" aria-hidden=\\\"true\\\"></i></li>            <li class=\\\"ld_controls_edit grid-one-setings-modal\\\" data-toggle=\\\"modal\\\" data-target=\\\"#gridOneSettingsModal\\\">                <i class=\\\"fa fa-cog\\\" aria-hidden=\\\"true\\\"></i></li>            <li class=\\\"ld_controls_close\\\"><i class=\\\"fa fa-times\\\" aria-hidden=\\\"true\\\"></i></li>        </ul>    </div></div></div>    <button type=\\\"button\\\" class=\\\"btn btn-transparent add-element add-row add-row-medium content-add-element\\\" data-section-id=\\\"row\\\" id=\\\"row_modal\\\" alt=\\\"Add Column\\\" data-toggle=\\\"modal\\\" data-target=\\\"#rowModal\\\">        <i class=\\\"fa fa-plus\\\"></i>    </button>    <!-- controls -->    <div class=\\\"ld_controls row_ld_controls\\\" style=\\\"top: 0px; bottom: initial;\\\">        <ul class=\\\"ld_option_menu\\\">            <li class=\\\"ld_controls_move\\\"><i class=\\\"fa fa-arrows\\\" aria-hidden=\\\"true\\\"></i></li>            <li class=\\\"ld_controls_clone\\\"><i class=\\\"fa fa-files-o\\\" aria-hidden=\\\"true\\\"></i></li>            <li class=\\\"ld_controls_edit open-row-setings-modal\\\" data-toggle=\\\"modal\\\" data-target=\\\"#rowSettingsModal\\\"><i class=\\\"fa fa-cog\\\" aria-hidden=\\\"true\\\"></i></li>            <li class=\\\"ld_controls_close\\\"><i class=\\\"fa fa-times\\\" aria-hidden=\\\"true\\\"></i></li>        </ul>    </div></section></div>                            </div>                        </form>                                                                                                                                                                                                                                                <!-- MODAL POPUP -->                            <div class=\\\"popup\\\" data-popup=\\\"popup-1\\\" id=\\\"data_page_popup\\\" style=\\\"background-color:rgba(0,0,0,0.75)\\\">                                <div class=\\\"popup-inner\\\" data-modal-width=\\\"medium\\\" style=\\\"background-color:#FFFFFF;color:#000000;padding-top:40px;padding-right:0px;padding-bottom:40px;padding-left:0px;margin-top:0px;margin-right:0px;margin-bottom:0px;margin-left:0px;\\\">                                    <div class=\\\"body\\\">                                        <div class=\\\"ld-element ld-grid-container ld_content element element-type-grid container-element\\\" data-de-type=\\\"grid\\\">                                            <div class=\\\"lb-content-body clearfix\\\" style=\\\"padding-left:15px;padding-right:15px;padding-top:40px;padding-bottom:40px\\\">                                                <div class=\\\"col-md-12 sub-parent\\\">                                                    <div class=\\\"g-container\\\">                                                        <button class=\\\"add-inner-element btn btn-primary add-element\\\" data-section-id=\\\"element\\\" id=\\\"element_modal\\\" alt=\\\"Add elements\\\" data-toggle=\\\"modal\\\" data-target=\\\"#elementModal\\\">ADD ELEMENT</button>                                                    </div>                                                </div>                                            </div>                                            <button class=\\\"btn btn-transparent add-element add-grid content-add-element\\\" data-section-id=\\\"grid\\\" id=\\\"grid_modal\\\" alt=\\\"Add elements\\\" data-toggle=\\\"modal\\\" data-target=\\\"#gridModal\\\">                                                <i class=\\\"fa fa-plus\\\"></i>                                            </button>                                            <!-- controls -->                                            <div class=\\\"ld_controls grid_ld_controls\\\">                                                <ul class=\\\"ld_option_menu\\\">                                                    <li class=\\\"ld_controls_move\\\"><i class=\\\"fa fa-arrows\\\" aria-hidden=\\\"true\\\"></i></li>                                                    <li class=\\\"ld_controls_clone\\\"><i class=\\\"fa fa-files-o\\\" aria-hidden=\\\"true\\\"></i></li>                                                    <li class=\\\"ld_controls_edit grid-one-setings-modal\\\" data-toggle=\\\"modal\\\" data-target=\\\"#gridOneSettingsModal\\\">                                                        <i class=\\\"fa fa-cog\\\" aria-hidden=\\\"true\\\"></i></li>                                                    <li class=\\\"ld_controls_close\\\"><i class=\\\"fa fa-times\\\" aria-hidden=\\\"true\\\"></i></li>                                                </ul>                                            </div>                                        </div>                                    </div>                                    <a class=\\\"popup-close\\\" data-popup-close=\\\"popup-1\\\" href=\\\"javascript:void(0)\\\">x</a>                                </div>                            </div>                \",\"pagestyle\":\"\",\"pagebackground\":\"\",\"tracking_header\":\"\",\"tracking_footer\":\"\",\"external_fonts\":\"\"}', 'blank_template.png', 0, '2018-07-08 07:11:06', '2018-07-10 22:42:28'),
(3, 2, 2, 'product-page1531052684', '{\"_method\":\"PUT\",\"_token\":\"VeeUAm3LEt1vLrEFqW9BozQHX86Lz2Cij91gO5fK\",\"name\":\"Product Page\",\"htmlbody\":\"                    <!--<form id=\\\"frm_htmleditor_container\\\" action=\\\"http://127.0.0.1:8000/product/checkout\\\" method=\\\"post\\\" class=\\\"frm-new-builder-container\\\" >-->                                            <form id=\\\"frm_htmleditor_container\\\" class=\\\"validate-form\\\" action=\\\"http://127.0.0.1:8000/product/checkout\\\" method=\\\"post\\\" data-parsley-validate=\\\"\\\">                            <input id=\\\"frm_csrf_token\\\" name=\\\"frm_csrf_token\\\" value=\\\"VeeUAm3LEt1vLrEFqW9BozQHX86Lz2Cij91gO5fK\\\" type=\\\"hidden\\\">                            <input id=\\\"frm_hid_user_id\\\" name=\\\"frm_hid_user_id\\\" value=\\\"1\\\" type=\\\"hidden\\\">                            <input id=\\\"frm_hid_funnel_id\\\" name=\\\"frm_hid_funnel_id\\\" value=\\\"2\\\" type=\\\"hidden\\\">                            <input id=\\\"frm_hid_funnel_step_id\\\" name=\\\"frm_hid_funnel_step_id\\\" value=\\\"2\\\" type=\\\"hidden\\\">                            <input id=\\\"frm_hid_page_id\\\" name=\\\"frm_hid_page_id\\\" value=\\\"3\\\" type=\\\"hidden\\\">                                                        <div class=\\\"editor-container element-type-main clearfix text-center\\\">                                <div class=\\\"section-groups\\\" id=\\\"main-html-container\\\">                                    <button style=\\\"margin-top: 30px; width: 70%\\\" class=\\\"add-inner-element btn btn-primary add-element\\\" data-section-id=\\\"row\\\" id=\\\"row_modal\\\" alt=\\\"Add elements\\\" data-toggle=\\\"modal\\\" data-target=\\\"#rowModal\\\">ADD SECTION                                    </button>                                </div>                            </div>                        </form>                                    \",\"pagestyle\":\"\",\"pagebackground\":\"\",\"tracking_header\":\"\",\"tracking_footer\":\"\"}', 'blank_template.png', 0, '2018-07-11 01:11:17', '2018-07-11 01:11:18'),
(4, 2, 4, 'product-page1531291692', '{\"_method\":\"PUT\",\"_token\":\"VeeUAm3LEt1vLrEFqW9BozQHX86Lz2Cij91gO5fK\",\"name\":\"Product Page\",\"htmlbody\":\"                    <form id=\\\"frm_htmleditor_container\\\" class=\\\"validate-form frm_htmleditor_container\\\" action=\\\"http://127.0.0.1:8000/product/checkout\\\" method=\\\"post\\\" data-parsley-validate=\\\"\\\">                                                <input id=\\\"frm_csrf_token\\\" name=\\\"frm_csrf_token\\\" value=\\\"VeeUAm3LEt1vLrEFqW9BozQHX86Lz2Cij91gO5fK\\\" type=\\\"hidden\\\">                            <input id=\\\"frm_hid_user_id\\\" name=\\\"frm_hid_user_id\\\" value=\\\"1\\\" type=\\\"hidden\\\">                            <input id=\\\"frm_hid_funnel_id\\\" name=\\\"frm_hid_funnel_id\\\" value=\\\"2\\\" type=\\\"hidden\\\">                            <input id=\\\"frm_hid_funnel_step_id\\\" name=\\\"frm_hid_funnel_step_id\\\" value=\\\"4\\\" type=\\\"hidden\\\">                            <input id=\\\"frm_hid_page_id\\\" name=\\\"frm_hid_page_id\\\" value=\\\"4\\\" type=\\\"hidden\\\">                                                        <div class=\\\"editor-container element-type-main clearfix text-center\\\">                                <div class=\\\"section-groups ui-sortable\\\" id=\\\"main-html-container\\\">                                    <button style=\\\"margin-top: 30px; width: 70%\\\" class=\\\"add-inner-element btn btn-primary add-element add-first-element-on-editor ui-sortable-handle\\\" data-section-id=\\\"row\\\" id=\\\"row_modal\\\" alt=\\\"Add elements\\\" data-toggle=\\\"modal\\\" data-target=\\\"#rowModal\\\">ADD SECTION</button>                                </div>                            </div>                                        </form>                    <!-- MODAL POPUP -->                            <div class=\\\"popup\\\" data-popup=\\\"popup-1\\\" id=\\\"data_page_popup\\\" style=\\\"background-color:rgba(0,0,0,0.75)\\\">                                <div class=\\\"popup-inner\\\" data-modal-width=\\\"medium\\\" style=\\\"background-color:#FFFFFF;color:#000000;padding-top:40px;padding-right:0px;padding-bottom:40px;padding-left:0px;margin-top:0px;margin-right:0px;margin-bottom:0px;margin-left:0px;\\\">                                    <div class=\\\"body\\\">                                        <div class=\\\"ld-element ld-grid-container ld_content element element-type-grid container-element\\\" data-de-type=\\\"grid\\\">                                            <div class=\\\"lb-content-body clearfix\\\" style=\\\"padding-left:15px;padding-right:15px;padding-top:40px;padding-bottom:40px\\\">                                                <div class=\\\"col-md-12 sub-parent\\\">                                                    <div class=\\\"g-container\\\">                                                        <button class=\\\"add-inner-element btn btn-primary add-element\\\" data-section-id=\\\"element\\\" id=\\\"element_modal\\\" alt=\\\"Add elements\\\" data-toggle=\\\"modal\\\" data-target=\\\"#elementModal\\\">ADD ELEMENT</button>                                                    </div>                                                </div>                                            </div>                                            <button class=\\\"btn btn-transparent add-element add-grid content-add-element\\\" data-section-id=\\\"grid\\\" id=\\\"grid_modal\\\" alt=\\\"Add elements\\\" data-toggle=\\\"modal\\\" data-target=\\\"#gridModal\\\">                                                <i class=\\\"fa fa-plus\\\"></i>                                            </button>                                            <!-- controls -->                                            <div class=\\\"ld_controls grid_ld_controls\\\">                                                <ul class=\\\"ld_option_menu\\\">                                                    <li class=\\\"ld_controls_move\\\"><i class=\\\"fa fa-arrows\\\" aria-hidden=\\\"true\\\"></i></li>                                                    <li class=\\\"ld_controls_clone\\\"><i class=\\\"fa fa-files-o\\\" aria-hidden=\\\"true\\\"></i></li>                                                    <li class=\\\"ld_controls_edit grid-one-setings-modal\\\" data-toggle=\\\"modal\\\" data-target=\\\"#gridOneSettingsModal\\\">                                                        <i class=\\\"fa fa-cog\\\" aria-hidden=\\\"true\\\"></i></li>                                                    <li class=\\\"ld_controls_close\\\"><i class=\\\"fa fa-times\\\" aria-hidden=\\\"true\\\"></i></li>                                                </ul>                                            </div>                                        </div>                                    </div>                                    <a class=\\\"popup-close\\\" data-popup-close=\\\"popup-1\\\" href=\\\"javascript:void(0)\\\">x</a>                                </div>                            </div>                \",\"pagestyle\":\"\",\"pagebackground\":\"\",\"tracking_header\":\"\",\"tracking_footer\":\"\",\"external_fonts\":\"\"}', 'blank_template.png', 0, '2018-07-11 01:18:18', '2018-07-11 01:31:40'),
(5, 2, 5, 'product-page1531292599', '{\"_method\":\"PUT\",\"_token\":\"VeeUAm3LEt1vLrEFqW9BozQHX86Lz2Cij91gO5fK\",\"name\":\"Product Page\",\"htmlbody\":\"                    <form id=\\\"frm_htmleditor_container\\\" class=\\\"validate-form frm_htmleditor_container\\\" action=\\\"http://127.0.0.1:8000/product/checkout\\\" method=\\\"post\\\" data-parsley-validate=\\\"\\\">                                                <div class=\\\"editor-container element-type-main clearfix text-center\\\">                                <div class=\\\"section-groups ui-sortable\\\" id=\\\"main-html-container\\\">                                                                    <section class=\\\"section element element-section element-section-full ld-element element-type-row clearfix\\\" data-de-type=\\\"row\\\" data-row-type=\\\"big\\\" id=\\\"section_big_row1531292631\\\" style=\\\"background-color:transparent\\\">    <div class=\\\"row-groups clearfix ui-sortable\\\"><div class=\\\"rows element element-row element-type-grid ld-element clearfix\\\" id=\\\"section_grid_grid21531292640\\\" data-de-type=\\\"grid\\\">            <div class=\\\"col-md-6 sub-parent\\\">            <div class=\\\"element-groups ui-sortable\\\">                            <div class=\\\"ld-element text-block-wrapper inline-element\\\" id=\\\"elements_text_block1531292647\\\" data-de-type=\\\"text-block\\\">        <div class=\\\"element-text-block lh1 size3 ld-margin0 element-text-shadow\\\" style=\\\"margin-top:0px;margin-bottom:0px;margin-left:0px;margin-right:0px;\\\">            <div class=\\\"wrapper ld_editable\\\" style=\\\"padding-top:0px;padding-bottom:0px;padding-left:0px;padding-right:0px;\\\">                <b class=\\\"\\\">Large Call to Action Headline</b>                <div class=\\\"size1 lh20\\\" style=\\\"padiing-top:10px;\\\">Lorem ipsum dolor sit amet, consectetur adipisicing elit. Autem dolore, alias, numquam                    enim ab voluptate id quam harum ducimus cupiditate similique quisquam et deserunt, recusandae.</div>            </div>        </div>        <!-- controls -->        <div class=\\\"ld_inline_controls\\\" style=\\\"top: -24px; bottom: initial;\\\">            <ul class=\\\"ld_option_menu\\\">                <!--<li class=\\\"ld_controls_editor\\\"><i class=\\\"fa fa-code\\\" aria-hidden=\\\"true\\\"></i></li>-->                <li class=\\\"ld_controls_move\\\"><i class=\\\"fa fa-arrows\\\" aria-hidden=\\\"true\\\"></i></li>                <li class=\\\"ld_controls_clone\\\"><i class=\\\"fa fa-files-o\\\" aria-hidden=\\\"true\\\"></i></li>                <li class=\\\"ld_controls_edit open-text-block-settings\\\" data-toggle=\\\"modal\\\" data-target=\\\"#textBlockSettingsModal\\\"><i class=\\\"fa fa-cog\\\" aria-hidden=\\\"true\\\"></i></li>                <li class=\\\"ld_controls_close\\\"><i class=\\\"fa fa-times\\\" aria-hidden=\\\"true\\\"></i></li>            </ul>        </div>        <button type=\\\"button\\\" class=\\\"addElementFlyoutDOM replace-element\\\" data-section-id=\\\"element-all\\\" alt=\\\"Add elements\\\" data-toggle=\\\"modal\\\" data-target=\\\"#elementModal\\\" style=\\\"display: none;\\\"><i class=\\\"fa fa-plus\\\"></i></button>    </div></div>        </div>        <div class=\\\"col-md-6 sub-parent\\\">            <div class=\\\"element-groups ui-sortable\\\">                <button class=\\\"add-inner-element btn btn-primary add-element ui-sortable-handle\\\" data-section-id=\\\"element\\\" id=\\\"element_modal\\\" alt=\\\"Add elements\\\" data-toggle=\\\"modal\\\" data-target=\\\"#elementModal\\\">ADD ELEMENT                </button>            </div>        </div>        <button class=\\\"btn btn-transparent add-element content-add-element add-grid\\\" data-section-id=\\\"grid\\\" id=\\\"grid_modal\\\" alt=\\\"Add elements\\\" data-toggle=\\\"modal\\\" data-target=\\\"#gridModal\\\">        <i class=\\\"fa fa-plus\\\"></i>    </button>    <!--<div class=\\\"de-row-col-2\\\" style=\\\"display: block;\\\"></div>-->    <!-- controls -->    <div class=\\\"ld_controls grid_ld_controls\\\" style=\\\"top: 0px; bottom: initial;\\\">        <ul class=\\\"ld_option_menu\\\">            <li class=\\\"ld_controls_move\\\"><i class=\\\"fa fa-arrows\\\" aria-hidden=\\\"true\\\"></i></li>            <li class=\\\"ld_controls_clone\\\"><i class=\\\"fa fa-files-o\\\" aria-hidden=\\\"true\\\"></i></li>            <li class=\\\"ld_controls_edit grid-one-setings-modal\\\" data-toggle=\\\"modal\\\" data-target=\\\"#gridOneSettingsModal\\\">                <i class=\\\"fa fa-cog\\\" aria-hidden=\\\"true\\\"></i></li>            <li class=\\\"ld_controls_close\\\"><i class=\\\"fa fa-times\\\" aria-hidden=\\\"true\\\"></i></li>        </ul>    </div></div></div>    <button type=\\\"button\\\" class=\\\"btn btn-transparent add-element add-row add-row-medium content-add-element\\\" data-section-id=\\\"row\\\" id=\\\"row_modal\\\" alt=\\\"Add Column\\\" data-toggle=\\\"modal\\\" data-target=\\\"#rowModal\\\">        <i class=\\\"fa fa-plus\\\"></i>    </button>    <!-- controls -->    <div class=\\\"ld_controls row_ld_controls\\\" style=\\\"top: 0px; bottom: initial;\\\">        <ul class=\\\"ld_option_menu\\\">            <li class=\\\"ld_controls_move\\\"><i class=\\\"fa fa-arrows\\\" aria-hidden=\\\"true\\\"></i></li>            <li class=\\\"ld_controls_clone\\\"><i class=\\\"fa fa-files-o\\\" aria-hidden=\\\"true\\\"></i></li>            <li class=\\\"ld_controls_edit open-row-setings-modal\\\" data-toggle=\\\"modal\\\" data-target=\\\"#rowSettingsModal\\\"><i class=\\\"fa fa-cog\\\" aria-hidden=\\\"true\\\"></i></li>            <li class=\\\"ld_controls_close\\\"><i class=\\\"fa fa-times\\\" aria-hidden=\\\"true\\\"></i></li>        </ul>    </div></section></div>                            </div>                                        </form>                    <!-- MODAL POPUP -->                            <div class=\\\"popup\\\" data-popup=\\\"popup-1\\\" id=\\\"data_page_popup\\\" style=\\\"background-color:rgba(0,0,0,0.75)\\\">                                <div class=\\\"popup-inner\\\" data-modal-width=\\\"medium\\\" style=\\\"background-color:#FFFFFF;color:#000000;padding-top:40px;padding-right:0px;padding-bottom:40px;padding-left:0px;margin-top:0px;margin-right:0px;margin-bottom:0px;margin-left:0px;\\\">                                    <div class=\\\"body\\\">                                        <div class=\\\"ld-element ld-grid-container ld_content element element-type-grid container-element\\\" data-de-type=\\\"grid\\\">                                            <div class=\\\"lb-content-body clearfix\\\" style=\\\"padding-left:15px;padding-right:15px;padding-top:40px;padding-bottom:40px\\\">                                                <div class=\\\"col-md-12 sub-parent\\\">                                                    <div class=\\\"g-container\\\">                                                        <button class=\\\"add-inner-element btn btn-primary add-element\\\" data-section-id=\\\"element\\\" id=\\\"element_modal\\\" alt=\\\"Add elements\\\" data-toggle=\\\"modal\\\" data-target=\\\"#elementModal\\\">ADD ELEMENT</button>                                                    </div>                                                </div>                                            </div>                                            <button class=\\\"btn btn-transparent add-element add-grid content-add-element\\\" data-section-id=\\\"grid\\\" id=\\\"grid_modal\\\" alt=\\\"Add elements\\\" data-toggle=\\\"modal\\\" data-target=\\\"#gridModal\\\">                                                <i class=\\\"fa fa-plus\\\"></i>                                            </button>                                            <!-- controls -->                                            <div class=\\\"ld_controls grid_ld_controls\\\">                                                <ul class=\\\"ld_option_menu\\\">                                                    <li class=\\\"ld_controls_move\\\"><i class=\\\"fa fa-arrows\\\" aria-hidden=\\\"true\\\"></i></li>                                                    <li class=\\\"ld_controls_clone\\\"><i class=\\\"fa fa-files-o\\\" aria-hidden=\\\"true\\\"></i></li>                                                    <li class=\\\"ld_controls_edit grid-one-setings-modal\\\" data-toggle=\\\"modal\\\" data-target=\\\"#gridOneSettingsModal\\\">                                                        <i class=\\\"fa fa-cog\\\" aria-hidden=\\\"true\\\"></i></li>                                                    <li class=\\\"ld_controls_close\\\"><i class=\\\"fa fa-times\\\" aria-hidden=\\\"true\\\"></i></li>                                                </ul>                                            </div>                                        </div>                                    </div>                                    <a class=\\\"popup-close\\\" data-popup-close=\\\"popup-1\\\" href=\\\"javascript:void(0)\\\">x</a>                                </div>                            </div>                \",\"pagestyle\":\"\",\"pagebackground\":\"\",\"tracking_header\":\"\",\"tracking_footer\":\"\",\"external_fonts\":\"\"}', 'blank_template.png', 0, '2018-07-11 01:33:22', '2018-07-11 01:34:08'),
(6, 2, 6, 'product-page1531292960', '{\"_method\":\"PUT\",\"_token\":\"VeeUAm3LEt1vLrEFqW9BozQHX86Lz2Cij91gO5fK\",\"name\":\"Product Page\",\"htmlbody\":\"                    <form id=\\\"frm_htmleditor_container\\\" class=\\\"validate-form frm_htmleditor_container\\\" action=\\\"http://127.0.0.1:8000/product/checkout\\\" method=\\\"post\\\" data-parsley-validate=\\\"\\\">                                                                                                                <input id=\\\"frm_csrf_token\\\" name=\\\"frm_csrf_token\\\" value=\\\"VeeUAm3LEt1vLrEFqW9BozQHX86Lz2Cij91gO5fK\\\" type=\\\"hidden\\\">                            <input id=\\\"frm_hid_user_id\\\" name=\\\"frm_hid_user_id\\\" value=\\\"1\\\" type=\\\"hidden\\\">                            <input id=\\\"frm_hid_funnel_id\\\" name=\\\"frm_hid_funnel_id\\\" value=\\\"2\\\" type=\\\"hidden\\\">                            <input id=\\\"frm_hid_funnel_step_id\\\" name=\\\"frm_hid_funnel_step_id\\\" value=\\\"6\\\" type=\\\"hidden\\\">                            <input id=\\\"frm_hid_page_id\\\" name=\\\"frm_hid_page_id\\\" value=\\\"6\\\" type=\\\"hidden\\\">                                                        <div class=\\\"editor-container element-type-main clearfix text-center\\\">                                <div class=\\\"section-groups ui-sortable\\\" id=\\\"main-html-container\\\">                                                                    <section class=\\\"section element element-section element-section-medium ld-element element-type-row clearfix ui-sortable-handle\\\" data-de-type=\\\"row\\\" data-row-type=\\\"medium\\\" id=\\\"section_medium_row1531292973\\\" style=\\\"background-color:transparent\\\">    <div class=\\\"row-groups clearfix ui-sortable\\\"><div class=\\\"rows element element-row element-type-grid ld-element clearfix\\\" id=\\\"section_grid_grid21531294959\\\" data-de-type=\\\"grid\\\">            <div class=\\\"col-md-6 sub-parent\\\">            <div class=\\\"element-groups ui-sortable\\\">                <button class=\\\"add-inner-element btn btn-primary add-element ui-sortable-handle\\\" data-section-id=\\\"element\\\" id=\\\"element_modal\\\" alt=\\\"Add elements\\\" data-toggle=\\\"modal\\\" data-target=\\\"#elementModal\\\">ADD ELEMENT                </button>            </div>        </div>        <div class=\\\"col-md-6 sub-parent\\\">            <div class=\\\"element-groups ui-sortable\\\">                <button class=\\\"add-inner-element btn btn-primary add-element ui-sortable-handle\\\" data-section-id=\\\"element\\\" id=\\\"element_modal\\\" alt=\\\"Add elements\\\" data-toggle=\\\"modal\\\" data-target=\\\"#elementModal\\\">ADD ELEMENT                </button>            </div>        </div>        <button class=\\\"btn btn-transparent add-element content-add-element add-grid\\\" data-section-id=\\\"grid\\\" id=\\\"grid_modal\\\" alt=\\\"Add elements\\\" data-toggle=\\\"modal\\\" data-target=\\\"#gridModal\\\">        <i class=\\\"fa fa-plus\\\"></i>    </button>    <!--<div class=\\\"de-row-col-2\\\" style=\\\"display: block;\\\"></div>-->    <!-- controls -->    <div class=\\\"ld_controls grid_ld_controls\\\" style=\\\"top: 0px; bottom: initial;\\\">        <ul class=\\\"ld_option_menu\\\">            <li class=\\\"ld_controls_move\\\"><i class=\\\"fa fa-arrows\\\" aria-hidden=\\\"true\\\"></i></li>            <li class=\\\"ld_controls_clone\\\"><i class=\\\"fa fa-files-o\\\" aria-hidden=\\\"true\\\"></i></li>            <li class=\\\"ld_controls_edit grid-one-setings-modal\\\" data-toggle=\\\"modal\\\" data-target=\\\"#gridOneSettingsModal\\\">                <i class=\\\"fa fa-cog\\\" aria-hidden=\\\"true\\\"></i></li>            <li class=\\\"ld_controls_close\\\"><i class=\\\"fa fa-times\\\" aria-hidden=\\\"true\\\"></i></li>        </ul>    </div></div></div>    <button type=\\\"button\\\" class=\\\"btn btn-transparent add-element add-row add-row-medium content-add-element\\\" data-section-id=\\\"row\\\" id=\\\"row_modal\\\" alt=\\\"Add Column\\\" data-toggle=\\\"modal\\\" data-target=\\\"#rowModal\\\">        <i class=\\\"fa fa-plus\\\"></i>    </button>    <!-- controls -->    <div class=\\\"ld_controls row_ld_controls\\\" style=\\\"top: 0px; bottom: initial;\\\">        <ul class=\\\"ld_option_menu\\\">            <li class=\\\"ld_controls_move\\\"><i class=\\\"fa fa-arrows\\\" aria-hidden=\\\"true\\\"></i></li>            <li class=\\\"ld_controls_clone\\\"><i class=\\\"fa fa-files-o\\\" aria-hidden=\\\"true\\\"></i></li>            <li class=\\\"ld_controls_edit open-row-setings-modal\\\" data-toggle=\\\"modal\\\" data-target=\\\"#rowSettingsModal\\\"><i class=\\\"fa fa-cog\\\" aria-hidden=\\\"true\\\"></i></li>            <li class=\\\"ld_controls_close\\\"><i class=\\\"fa fa-times\\\" aria-hidden=\\\"true\\\"></i></li>        </ul>    </div></section></div>                            </div>                                        </form>                    <!-- MODAL POPUP -->                            <div class=\\\"popup\\\" data-popup=\\\"popup-1\\\" id=\\\"data_page_popup\\\" style=\\\"background-color:rgba(0,0,0,0.75)\\\">                                <div class=\\\"popup-inner\\\" data-modal-width=\\\"medium\\\" style=\\\"background-color:#FFFFFF;color:#000000;padding-top:40px;padding-right:0px;padding-bottom:40px;padding-left:0px;margin-top:0px;margin-right:0px;margin-bottom:0px;margin-left:0px;\\\">                                    <div class=\\\"body\\\">                                        <div class=\\\"ld-element ld-grid-container ld_content element element-type-grid container-element\\\" data-de-type=\\\"grid\\\">                                            <div class=\\\"lb-content-body clearfix\\\" style=\\\"padding-left:15px;padding-right:15px;padding-top:40px;padding-bottom:40px\\\">                                                <div class=\\\"col-md-12 sub-parent\\\">                                                    <div class=\\\"g-container\\\">                                                        <button class=\\\"add-inner-element btn btn-primary add-element\\\" data-section-id=\\\"element\\\" id=\\\"element_modal\\\" alt=\\\"Add elements\\\" data-toggle=\\\"modal\\\" data-target=\\\"#elementModal\\\">ADD ELEMENT</button>                                                    </div>                                                </div>                                            </div>                                            <button class=\\\"btn btn-transparent add-element add-grid content-add-element\\\" data-section-id=\\\"grid\\\" id=\\\"grid_modal\\\" alt=\\\"Add elements\\\" data-toggle=\\\"modal\\\" data-target=\\\"#gridModal\\\">                                                <i class=\\\"fa fa-plus\\\"></i>                                            </button>                                            <!-- controls -->                                            <div class=\\\"ld_controls grid_ld_controls\\\">                                                <ul class=\\\"ld_option_menu\\\">                                                    <li class=\\\"ld_controls_move\\\"><i class=\\\"fa fa-arrows\\\" aria-hidden=\\\"true\\\"></i></li>                                                    <li class=\\\"ld_controls_clone\\\"><i class=\\\"fa fa-files-o\\\" aria-hidden=\\\"true\\\"></i></li>                                                    <li class=\\\"ld_controls_edit grid-one-setings-modal\\\" data-toggle=\\\"modal\\\" data-target=\\\"#gridOneSettingsModal\\\">                                                        <i class=\\\"fa fa-cog\\\" aria-hidden=\\\"true\\\"></i></li>                                                    <li class=\\\"ld_controls_close\\\"><i class=\\\"fa fa-times\\\" aria-hidden=\\\"true\\\"></i></li>                                                </ul>                                            </div>                                        </div>                                    </div>                                    <a class=\\\"popup-close\\\" data-popup-close=\\\"popup-1\\\" href=\\\"javascript:void(0)\\\">x</a>                                </div>                            </div>                                                                            <!-- MODAL POPUP -->                                            \",\"pagestyle\":\"\",\"pagebackground\":\"\",\"tracking_header\":\"\",\"tracking_footer\":\"\",\"external_fonts\":\"\"}', 'blank_template.png', 0, '2018-07-11 01:39:23', '2018-07-11 02:12:40'),
(7, 2, 7, 'product-page1531295263', '', 'blank_template.png', 0, '2018-07-11 02:17:47', '2018-07-11 02:17:47'),
(8, 2, 8, 'product-page1531295401', '', 'blank_template.png', 0, '2018-07-11 02:20:03', '2018-07-11 02:20:03');
INSERT INTO `pages` (`id`, `funnel_id`, `funnel_step_id`, `slug`, `content`, `image`, `page_update_status`, `created_at`, `updated_at`) VALUES
(11, 2, 11, 'upsell1531559944', '{\"data_form_update\":\"true\",\"name\":[\"Upsell\",\"Upsell\"],\"htmlbody\":\"                    \\t\\t\\t\\t\\t\\t                    <form id=\\\"frm_htmleditor_container\\\" class=\\\"validate-form frm_htmleditor_container\\\" action=\\\"\\\" method=\\\"post\\\" data-parsley-validate=\\\"\\\">                                                                                                                                  <div class=\\\"editor-container element-type-main clearfix text-center\\\">                                    <div class=\\\"section-groups ui-sortable\\\" id=\\\"main-html-container\\\">                                                                            <section class=\\\"section element element-section element-section-medium ld-element element-type-row clearfix ui-sortable-handle\\\" data-de-type=\\\"row\\\" data-row-type=\\\"medium\\\" id=\\\"section_medium_row1531552136\\\" style=\\\"background-color:transparent\\\">    <div class=\\\"row-groups clearfix ui-sortable\\\"><div class=\\\"rows element element-row element-type-grid ld-element clearfix ui-sortable-handle\\\" id=\\\"section_grid_grid11531552148\\\" data-de-type=\\\"grid\\\">            <div class=\\\"col-md-12 sub-parent\\\">            <div class=\\\"element-groups ui-sortable\\\"><div class=\\\"ld-element element-layout headline-wrapper ld-editable inline-element ui-sortable-handle\\\" id=\\\"section_product_title1531552165\\\" data-de-type=\\\"product-title\\\">        <div class=\\\"element-headline lh4 size3 ld-margin0 element-text-shadow\\\">            <div class=\\\"wrapper ld_editable product-item product-title-switch\\\" style=\\\"margin-top:0px;margin-bottom:0px;margin-right:0px;margin-left:0px\\\"><b data-element-type=\\\"product-title\\\">Veirdo Men\'s Cotton T-Shirt Black Maroon Casual T-Shirt</b>    </div>        </div>        <!-- controls -->        <div class=\\\"ld_inline_controls\\\" style=\\\"top: 24px; bottom: initial;\\\">            <ul class=\\\"ld_option_menu\\\">                <!--<li class=\\\"ld_controls_editor\\\"><i class=\\\"fa fa-code\\\" aria-hidden=\\\"true\\\"></i></li>-->                <li class=\\\"ld_controls_move\\\"><i class=\\\"fa fa-arrows\\\" aria-hidden=\\\"true\\\"></i></li>                <li class=\\\"ld_controls_clone\\\"><i class=\\\"fa fa-files-o\\\" aria-hidden=\\\"true\\\"></i></li>                <li class=\\\"ld_controls_edit open-headline-setings-modal\\\" data-toggle=\\\"modal\\\" data-target=\\\"#headlineSettingsModal\\\"><i class=\\\"fa fa-cog\\\" aria-hidden=\\\"true\\\"></i></li>                <li class=\\\"ld_controls_close\\\"><i class=\\\"fa fa-times\\\" aria-hidden=\\\"true\\\"></i></li>            </ul>        </div>        <button type=\\\"button\\\" class=\\\"addElementFlyoutDOM replace-element\\\" data-section-id=\\\"element-all\\\" alt=\\\"Add elements\\\" data-toggle=\\\"modal\\\" data-target=\\\"#elementModal\\\" style=\\\"display: none;\\\"><i class=\\\"fa fa-plus\\\"></i></button>    </div><div class=\\\"ld-element product-image-wrapper de-image-block elAlign_center ld-margin0 inline-element ui-sortable-handle\\\" id=\\\"section_product_main_image1531552195\\\" data-de-type=\\\"product-image\\\">   <div class=\\\"image-wrapper wrapper product-item product-image-switch\\\"><div class=\\\"image\\\" data-element-type=\\\"product-image\\\">\\t                    <img src=\\\"http://127.0.0.1:8000/global/img/products/1531978859.jpg\\\" class=\\\"ld-img open-single-image-setings-modal\\\" alt=\\\"\\\" data-toggle=\\\"modal\\\" data-target=\\\"#singleImgaeSettingsModal\\\">            <div class=\\\"additionals\\\">                <ul>                                    </ul>            </div>        </div>    </div>   <!-- controls -->   <div class=\\\"ld_inline_controls\\\" style=\\\"top: 24px; bottom: initial;\\\">        <ul class=\\\"ld_option_menu\\\">            <!--<li class=\\\"ld_controls_editor\\\"><i class=\\\"fa fa-code\\\" aria-hidden=\\\"true\\\"></i></li>-->            <li class=\\\"ld_controls_move\\\"><i class=\\\"fa fa-arrows\\\" aria-hidden=\\\"true\\\"></i></li>            <li class=\\\"ld_controls_clone\\\"><i class=\\\"fa fa-files-o\\\" aria-hidden=\\\"true\\\"></i></li>            <li class=\\\"ld_controls_edit open-single-image-setings-modal\\\" data-element-type=\\\"headline\\\" data-toggle=\\\"modal\\\" data-target=\\\"#singleImgaeSettingsModal\\\"><i class=\\\"fa fa-cog\\\" aria-hidden=\\\"true\\\"></i></li>            <li class=\\\"ld_controls_close\\\"><i class=\\\"fa fa-times\\\" aria-hidden=\\\"true\\\"></i></li>        </ul>    </div>    <button type=\\\"button\\\" class=\\\"addElementFlyoutDOM replace-element\\\" data-section-id=\\\"element-product\\\" alt=\\\"Add elements\\\" data-toggle=\\\"modal\\\" data-target=\\\"#elementModal\\\" style=\\\"display: none;\\\"><i class=\\\"fa fa-plus\\\"></i>    </button></div><div class=\\\"ld-element ui-draggable price-wrapper ld-editable inline-element ui-sortable-handle\\\" id=\\\"section_product_price1531552237\\\" data-de-type=\\\"product-price\\\">                <div class=\\\"element-headline lh4 size3 ld-margin0 element-text-shadow\\\">                    <div class=\\\"wrapper ld_editable product-item product-price-switch\\\"><strong data-element-type=\\\"product-price\\\" style=\\\"font-size:20px; color:#000\\\">$12.00</strong>        <input type=\\\"hidden\\\" name=\\\"pprice\\\" value=\\\"$12.00\\\">    </div>                </div>                <!-- controls -->                <div class=\\\"ld_inline_controls\\\" style=\\\"top: 0px; bottom: initial;\\\">                    <ul class=\\\"ld_option_menu\\\">                        <!--<li class=\\\"ld_controls_editor\\\"><i class=\\\"fa fa-code\\\" aria-hidden=\\\"true\\\"></i></li>-->                        <li class=\\\"ld_controls_move\\\"><i class=\\\"fa fa-arrows\\\" aria-hidden=\\\"true\\\"></i></li>                        <li class=\\\"ld_controls_clone\\\"><i class=\\\"fa fa-files-o\\\" aria-hidden=\\\"true\\\"></i></li>                        <li class=\\\"ld_controls_edit open-product-price-setings-modal\\\" data-toggle=\\\"modal\\\" data-target=\\\"#productPriceSettingsModal\\\"><i class=\\\"fa fa-cog\\\" aria-hidden=\\\"true\\\"></i></li>                        <li class=\\\"ld_controls_close\\\"><i class=\\\"fa fa-times\\\" aria-hidden=\\\"true\\\"></i></li>                    </ul>                </div>                <button type=\\\"button\\\" class=\\\"addElementFlyoutDOM replace-element\\\" data-section-id=\\\"element-product\\\" alt=\\\"Add elements\\\" data-toggle=\\\"modal\\\" data-target=\\\"#elementModal\\\" style=\\\"display: none;\\\"><i class=\\\"fa fa-plus\\\"></i>                </button>            </div><div class=\\\"ld-element ui-draggable product-varients-wrapper ld-editable inline-element ui-sortable-handle\\\" id=\\\"section_product_varients1531552240\\\" data-de-type=\\\"product-varients\\\">                <div class=\\\"element-product-varients lh4 size3 ld-margin0 element-text-shadow\\\">                    <div class=\\\"wrapper product-item product-varients-switch\\\" style=\\\"width: 50%; margin: auto;\\\"></div>                </div>                <!-- controls -->                <div class=\\\"ld_inline_controls\\\" style=\\\"top: 0px; bottom: initial;\\\">                    <ul class=\\\"ld_option_menu\\\">                        <li class=\\\"ld_controls_move\\\"><i class=\\\"fa fa-arrows\\\" aria-hidden=\\\"true\\\"></i></li>                        <li class=\\\"ld_controls_clone\\\"><i class=\\\"fa fa-files-o\\\" aria-hidden=\\\"true\\\"></i></li>                        <li class=\\\"ld_controls_edit open-product-varient-setings-modal\\\" data-toggle=\\\"modal\\\" data-target=\\\"#productVarientSettingsModal\\\"><i class=\\\"fa fa-cog\\\" aria-hidden=\\\"true\\\"></i></li>                        <li class=\\\"ld_controls_close\\\"><i class=\\\"fa fa-times\\\" aria-hidden=\\\"true\\\"></i></li>                    </ul>                </div>                <button type=\\\"button\\\" class=\\\"addElementFlyoutDOM replace-element\\\" data-section-id=\\\"element-product\\\" alt=\\\"Add elements\\\" data-toggle=\\\"modal\\\" data-target=\\\"#elementModal\\\" style=\\\"display: none;\\\"><i class=\\\"fa fa-plus\\\"></i>                </button>            </div><div class=\\\"ld-element headline-wrapper ld-editable inline-element ui-sortable-handle\\\" id=\\\"elements_button1531552263\\\" data-de-type=\\\"button\\\">        <div class=\\\"element-headline lh4 size3 ld-margin0 element-text-shadow\\\">            <div class=\\\"wrapper\\\">                <a href=\\\"#\\\" data-url=\\\"submit\\\" class=\\\"element-button btn-submit-form-self\\\" data-button-type=\\\"\\\" data-video-url=\\\"\\\" style=\\\"padding: 15px 25px; margin: 20px 0px 0px; color: rgb(255, 255, 255); background-color: rgb(1, 116, 199);\\\" target=\\\"\\\" data-button-style=\\\"\\\">                    <span class=\\\"ld-button-text\\\" style=\\\"font-size:18px;line-height:18px\\\">YES, add this product NOW!</span>                </a>            </div>        </div>        <!-- controls -->        <div class=\\\"ld_inline_controls\\\" style=\\\"top: 0px; bottom: initial;\\\">            <ul class=\\\"ld_option_menu\\\">                <li class=\\\"ld_controls_move\\\"><i class=\\\"fa fa-arrows\\\" aria-hidden=\\\"true\\\"></i></li>                <li class=\\\"ld_controls_clone\\\"><i class=\\\"fa fa-files-o\\\" aria-hidden=\\\"true\\\"></i></li>                <li class=\\\"ld_controls_edit open-button-setings-modal\\\" data-toggle=\\\"modal\\\" data-target=\\\"#buttonSettingsModal\\\"><i class=\\\"fa fa-cog\\\" aria-hidden=\\\"true\\\"></i></li>                <li class=\\\"ld_controls_close\\\"><i class=\\\"fa fa-times\\\" aria-hidden=\\\"true\\\"></i></li>            </ul>        </div>        <button type=\\\"button\\\" class=\\\"addElementFlyoutDOM replace-element\\\" data-section-id=\\\"element-all\\\" alt=\\\"Add elements\\\" data-toggle=\\\"modal\\\" data-target=\\\"#elementModal\\\" style=\\\"display: none;\\\"><i class=\\\"fa fa-plus\\\"></i></button>    </div><div class=\\\"ld-element headline-wrapper ld-editable inline-element ui-sortable-handle\\\" id=\\\"elements_button1531552315\\\" data-de-type=\\\"button\\\">        <div class=\\\"element-headline lh4 size3 ld-margin0 element-text-shadow\\\">            <div class=\\\"wrapper\\\">                <a href=\\\"#\\\" data-url=\\\"\\\" class=\\\"element-button btn-primary bg-btn-transparent\\\" data-button-type=\\\"\\\" data-video-url=\\\"\\\" style=\\\"padding: 15px 25px; margin: 0px; color: rgb(0, 113, 189); background-color: rgb(255, 255, 255);\\\" target=\\\"\\\" data-button-style=\\\"transparent\\\">                    <span class=\\\"ld-button-text\\\" style=\\\"font-size:18px;line-height:18px\\\">NO! I don\'t want this</span>                </a>            </div>        </div>        <!-- controls -->        <div class=\\\"ld_inline_controls\\\" style=\\\"top: 24px; bottom: initial;\\\">            <ul class=\\\"ld_option_menu\\\">                <li class=\\\"ld_controls_move\\\"><i class=\\\"fa fa-arrows\\\" aria-hidden=\\\"true\\\"></i></li>                <li class=\\\"ld_controls_clone\\\"><i class=\\\"fa fa-files-o\\\" aria-hidden=\\\"true\\\"></i></li>                <li class=\\\"ld_controls_edit open-button-setings-modal\\\" data-toggle=\\\"modal\\\" data-target=\\\"#buttonSettingsModal\\\"><i class=\\\"fa fa-cog\\\" aria-hidden=\\\"true\\\"></i></li>                <li class=\\\"ld_controls_close\\\"><i class=\\\"fa fa-times\\\" aria-hidden=\\\"true\\\"></i></li>            </ul>        </div>        <button type=\\\"button\\\" class=\\\"addElementFlyoutDOM replace-element\\\" data-section-id=\\\"element-all\\\" alt=\\\"Add elements\\\" data-toggle=\\\"modal\\\" data-target=\\\"#elementModal\\\" style=\\\"display: none;\\\"><i class=\\\"fa fa-plus\\\"></i></button>    </div></div>        </div>        <button class=\\\"btn btn-transparent add-element content-add-element add-grid\\\" data-section-id=\\\"grid\\\" id=\\\"grid_modal\\\" alt=\\\"Add elements\\\" data-toggle=\\\"modal\\\" data-target=\\\"#gridModal\\\">        <i class=\\\"fa fa-plus\\\"></i>    </button>    <!--<div class=\\\"de-row-col-2\\\" style=\\\"display: block;\\\"></div>-->    <!-- controls -->    <div class=\\\"ld_controls grid_ld_controls\\\" style=\\\"top: 0px; bottom: initial;\\\">        <ul class=\\\"ld_option_menu\\\">            <li class=\\\"ld_controls_move\\\"><i class=\\\"fa fa-arrows\\\" aria-hidden=\\\"true\\\"></i></li>            <li class=\\\"ld_controls_clone\\\"><i class=\\\"fa fa-files-o\\\" aria-hidden=\\\"true\\\"></i></li>            <li class=\\\"ld_controls_edit grid-one-setings-modal\\\" data-toggle=\\\"modal\\\" data-target=\\\"#gridOneSettingsModal\\\">                <i class=\\\"fa fa-cog\\\" aria-hidden=\\\"true\\\"></i></li>            <li class=\\\"ld_controls_close\\\"><i class=\\\"fa fa-times\\\" aria-hidden=\\\"true\\\"></i></li>        </ul>    </div></div></div>    <button type=\\\"button\\\" class=\\\"btn btn-transparent add-element add-row add-row-medium content-add-element\\\" data-section-id=\\\"row\\\" id=\\\"row_modal\\\" alt=\\\"Add Column\\\" data-toggle=\\\"modal\\\" data-target=\\\"#rowModal\\\">        <i class=\\\"fa fa-plus\\\"></i>    </button>    <!-- controls -->    <div class=\\\"ld_controls row_ld_controls\\\" style=\\\"top: 0px; bottom: initial;\\\">        <ul class=\\\"ld_option_menu\\\">            <li class=\\\"ld_controls_move\\\"><i class=\\\"fa fa-arrows\\\" aria-hidden=\\\"true\\\"></i></li>            <li class=\\\"ld_controls_clone\\\"><i class=\\\"fa fa-files-o\\\" aria-hidden=\\\"true\\\"></i></li>            <li class=\\\"ld_controls_edit open-row-setings-modal\\\" data-toggle=\\\"modal\\\" data-target=\\\"#rowSettingsModal\\\"><i class=\\\"fa fa-cog\\\" aria-hidden=\\\"true\\\"></i></li>            <li class=\\\"ld_controls_close\\\"><i class=\\\"fa fa-times\\\" aria-hidden=\\\"true\\\"></i></li>        </ul>    </div></section></div>                                </div>                                            </form>                    <!-- MODAL POPUP -->                            <div class=\\\"popup\\\" data-popup=\\\"popup-1\\\" id=\\\"data_page_popup\\\" style=\\\"background-color: rgba(0, 0, 0, 0.75); display: none;\\\">                                <div class=\\\"popup-inner\\\" data-modal-width=\\\"medium\\\" style=\\\"background-color:#FFFFFF;color:#000000;padding-top:40px;padding-right:0px;padding-bottom:40px;padding-left:0px;margin-top:0px;margin-right:0px;margin-bottom:0px;margin-left:0px;\\\">                                    <div class=\\\"body\\\">                                        <div class=\\\"section-groups ui-sortable\\\" id=\\\"main-html-container\\\">                                                <section class=\\\"section element element-section element-section-full ld-element element-type-row clearfix ui-sortable-handle\\\" data-de-type=\\\"row\\\" data-row-type=\\\"big\\\" id=\\\"1531552127popup_section_group\\\" style=\\\"background-color:transparent\\\">                                                        <div class=\\\"row-groups clearfix ui-sortable\\\"><button class=\\\"add-inner-element btn btn-primary add-element add-grid-in-row ui-sortable-handle\\\" data-section-id=\\\"grid\\\" id=\\\"grid_modal\\\" alt=\\\"Add elements\\\" data-toggle=\\\"modal\\\" data-target=\\\"#gridModal\\\">ADD ROW</button></div>                                                        <button type=\\\"button\\\" class=\\\"btn btn-transparent add-element add-row add-row-medium content-add-element\\\" data-section-id=\\\"row\\\" id=\\\"row_modal\\\" alt=\\\"Add Column\\\" data-toggle=\\\"modal\\\" data-target=\\\"#rowModal\\\">                                                            <i class=\\\"fa fa-plus\\\"></i>                                                        </button>                                                                                                            <!-- controls -->                                                        <div class=\\\"ld_controls row_ld_controls\\\">                                                            <ul class=\\\"ld_option_menu\\\">                                                                <li class=\\\"ld_controls_move\\\"><i class=\\\"fa fa-arrows\\\" aria-hidden=\\\"true\\\"></i></li>                                                                <li class=\\\"ld_controls_clone\\\"><i class=\\\"fa fa-files-o\\\" aria-hidden=\\\"true\\\"></i></li>                                                                <li class=\\\"ld_controls_edit open-row-setings-modal\\\" data-toggle=\\\"modal\\\" data-target=\\\"#rowSettingsModal\\\"><i class=\\\"fa fa-cog\\\" aria-hidden=\\\"true\\\"></i></li>                                                                <li class=\\\"ld_controls_close\\\"><i class=\\\"fa fa-times\\\" aria-hidden=\\\"true\\\"></i></li>                                                            </ul>                                                        </div>                                                </section>                                        </div>                                    </div>                                    <a class=\\\"popup-close\\\" data-popup-close=\\\"popup-1\\\" href=\\\"javascript:void(0)\\\">x</a>                                </div>                            </div>                                                                                <!-- MODAL POPUP -->                                                                                \",\"pagestyle\":\"\",\"pagebackground\":\"\",\"tracking_header\":\"\",\"tracking_footer\":\"\"}', '1531553344.png', 2, '2018-07-14 03:49:09', '2018-07-19 06:09:08'),
(12, 2, 12, 'downsell-page1531562484', '{\"data_form_update\":\"true\",\"name\":[\"Downsell Page\",\"Downsell Page\"],\"htmlbody\":\"                    \\t\\t\\t\\t\\t\\t                    <form id=\\\"frm_htmleditor_container\\\" class=\\\"validate-form frm_htmleditor_container\\\" action=\\\"\\\" method=\\\"post\\\" data-parsley-validate=\\\"\\\">                        \\t\\t\\t\\t\\t\\t\\t                    \\t\\t\\t\\t\\t\\t                                                                              <div class=\\\"editor-container element-type-main clearfix text-center\\\">                                    <div class=\\\"section-groups ui-sortable\\\" id=\\\"main-html-container\\\">                                                                            <section class=\\\"section element element-section element-section-medium ld-element element-type-row clearfix ui-sortable-handle\\\" data-de-type=\\\"row\\\" data-row-type=\\\"medium\\\" id=\\\"section_medium_row1531560032\\\" style=\\\"background-color:transparent\\\">    <div class=\\\"row-groups clearfix ui-sortable\\\"><div class=\\\"rows element element-row element-type-grid ld-element clearfix ui-sortable-handle\\\" id=\\\"section_grid_grid11531560035\\\" data-de-type=\\\"grid\\\">            <div class=\\\"col-md-12 sub-parent\\\">            <div class=\\\"element-groups ui-sortable\\\"><div class=\\\"ld-element element-layout headline-wrapper ld-editable inline-element ui-sortable-handle\\\" id=\\\"section_product_title1531560044\\\" data-de-type=\\\"product-title\\\">        <div class=\\\"element-headline lh4 size3 ld-margin0 element-text-shadow\\\">            <div class=\\\"wrapper ld_editable product-item product-title-switch\\\" style=\\\"margin-top:0px;margin-bottom:0px;margin-right:0px;margin-left:0px\\\"><b data-element-type=\\\"product-title\\\">Blunt Men\'s Cotton Casual Tshirts</b>    </div>        </div>        <!-- controls -->        <div class=\\\"ld_inline_controls\\\" style=\\\"top: 0px; bottom: initial;\\\">            <ul class=\\\"ld_option_menu\\\">                <!--<li class=\\\"ld_controls_editor\\\"><i class=\\\"fa fa-code\\\" aria-hidden=\\\"true\\\"></i></li>-->                <li class=\\\"ld_controls_move\\\"><i class=\\\"fa fa-arrows\\\" aria-hidden=\\\"true\\\"></i></li>                <li class=\\\"ld_controls_clone\\\"><i class=\\\"fa fa-files-o\\\" aria-hidden=\\\"true\\\"></i></li>                <li class=\\\"ld_controls_edit open-headline-setings-modal\\\" data-toggle=\\\"modal\\\" data-target=\\\"#headlineSettingsModal\\\"><i class=\\\"fa fa-cog\\\" aria-hidden=\\\"true\\\"></i></li>                <li class=\\\"ld_controls_close\\\"><i class=\\\"fa fa-times\\\" aria-hidden=\\\"true\\\"></i></li>            </ul>        </div>        <button type=\\\"button\\\" class=\\\"addElementFlyoutDOM replace-element\\\" data-section-id=\\\"element-all\\\" alt=\\\"Add elements\\\" data-toggle=\\\"modal\\\" data-target=\\\"#elementModal\\\" style=\\\"display: none;\\\"><i class=\\\"fa fa-plus\\\"></i></button>    </div><div class=\\\"ld-element product-image-wrapper de-image-block elAlign_center ld-margin0 inline-element ui-sortable-handle\\\" id=\\\"section_product_main_image1531560052\\\" data-de-type=\\\"product-image\\\">   <div class=\\\"image-wrapper wrapper product-item product-image-switch\\\"><div class=\\\"image\\\" data-element-type=\\\"product-image\\\">\\t                    <img src=\\\"http://127.0.0.1:8000/global/img/products/1531978994.jpg\\\" class=\\\"ld-img open-single-image-setings-modal\\\" alt=\\\"\\\" data-toggle=\\\"modal\\\" data-target=\\\"#singleImgaeSettingsModal\\\">            <div class=\\\"additionals\\\">                <ul>                                    </ul>            </div>        </div>    </div>   <!-- controls -->   <div class=\\\"ld_inline_controls\\\" style=\\\"top: 0px; bottom: initial;\\\">        <ul class=\\\"ld_option_menu\\\">            <!--<li class=\\\"ld_controls_editor\\\"><i class=\\\"fa fa-code\\\" aria-hidden=\\\"true\\\"></i></li>-->            <li class=\\\"ld_controls_move\\\"><i class=\\\"fa fa-arrows\\\" aria-hidden=\\\"true\\\"></i></li>            <li class=\\\"ld_controls_clone\\\"><i class=\\\"fa fa-files-o\\\" aria-hidden=\\\"true\\\"></i></li>            <li class=\\\"ld_controls_edit open-single-image-setings-modal\\\" data-element-type=\\\"headline\\\" data-toggle=\\\"modal\\\" data-target=\\\"#singleImgaeSettingsModal\\\"><i class=\\\"fa fa-cog\\\" aria-hidden=\\\"true\\\"></i></li>            <li class=\\\"ld_controls_close\\\"><i class=\\\"fa fa-times\\\" aria-hidden=\\\"true\\\"></i></li>        </ul>    </div>    <button type=\\\"button\\\" class=\\\"addElementFlyoutDOM replace-element\\\" data-section-id=\\\"element-product\\\" alt=\\\"Add elements\\\" data-toggle=\\\"modal\\\" data-target=\\\"#elementModal\\\" style=\\\"display: none;\\\"><i class=\\\"fa fa-plus\\\"></i>    </button></div><div class=\\\"ld-element ui-draggable price-wrapper ld-editable inline-element ui-sortable-handle\\\" id=\\\"section_product_price1531560081\\\" data-de-type=\\\"product-price\\\">                <div class=\\\"element-headline lh4 size3 ld-margin0 element-text-shadow\\\">                    <div class=\\\"wrapper ld_editable product-item product-price-switch\\\"><strong data-element-type=\\\"product-price\\\" style=\\\"font-size:20px; color:#000\\\">$5.00</strong>        <input type=\\\"hidden\\\" name=\\\"pprice\\\" value=\\\"$5.00\\\">    </div>                </div>                <!-- controls -->                <div class=\\\"ld_inline_controls\\\" style=\\\"top: 0px; bottom: initial;\\\">                    <ul class=\\\"ld_option_menu\\\">                        <!--<li class=\\\"ld_controls_editor\\\"><i class=\\\"fa fa-code\\\" aria-hidden=\\\"true\\\"></i></li>-->                        <li class=\\\"ld_controls_move\\\"><i class=\\\"fa fa-arrows\\\" aria-hidden=\\\"true\\\"></i></li>                        <li class=\\\"ld_controls_clone\\\"><i class=\\\"fa fa-files-o\\\" aria-hidden=\\\"true\\\"></i></li>                        <li class=\\\"ld_controls_edit open-product-price-setings-modal\\\" data-toggle=\\\"modal\\\" data-target=\\\"#productPriceSettingsModal\\\"><i class=\\\"fa fa-cog\\\" aria-hidden=\\\"true\\\"></i></li>                        <li class=\\\"ld_controls_close\\\"><i class=\\\"fa fa-times\\\" aria-hidden=\\\"true\\\"></i></li>                    </ul>                </div>                <button type=\\\"button\\\" class=\\\"addElementFlyoutDOM replace-element\\\" data-section-id=\\\"element-product\\\" alt=\\\"Add elements\\\" data-toggle=\\\"modal\\\" data-target=\\\"#elementModal\\\" style=\\\"display: none;\\\"><i class=\\\"fa fa-plus\\\"></i>                </button>            </div><div class=\\\"ld-element ui-draggable product-varients-wrapper ld-editable inline-element ui-sortable-handle\\\" id=\\\"section_product_varients1531560085\\\" data-de-type=\\\"product-varients\\\">                <div class=\\\"element-product-varients lh4 size3 ld-margin0 element-text-shadow\\\">                    <div class=\\\"wrapper product-item product-varients-switch\\\" style=\\\"width: 50%; margin: auto;\\\"></div>                </div>                <!-- controls -->                <div class=\\\"ld_inline_controls\\\" style=\\\"top: 24px; bottom: initial;\\\">                    <ul class=\\\"ld_option_menu\\\">                        <li class=\\\"ld_controls_move\\\"><i class=\\\"fa fa-arrows\\\" aria-hidden=\\\"true\\\"></i></li>                        <li class=\\\"ld_controls_clone\\\"><i class=\\\"fa fa-files-o\\\" aria-hidden=\\\"true\\\"></i></li>                        <li class=\\\"ld_controls_edit open-product-varient-setings-modal\\\" data-toggle=\\\"modal\\\" data-target=\\\"#productVarientSettingsModal\\\"><i class=\\\"fa fa-cog\\\" aria-hidden=\\\"true\\\"></i></li>                        <li class=\\\"ld_controls_close\\\"><i class=\\\"fa fa-times\\\" aria-hidden=\\\"true\\\"></i></li>                    </ul>                </div>                <button type=\\\"button\\\" class=\\\"addElementFlyoutDOM replace-element\\\" data-section-id=\\\"element-product\\\" alt=\\\"Add elements\\\" data-toggle=\\\"modal\\\" data-target=\\\"#elementModal\\\" style=\\\"display: none;\\\"><i class=\\\"fa fa-plus\\\"></i>                </button>            </div><div class=\\\"ld-element headline-wrapper ld-editable inline-element ui-sortable-handle\\\" id=\\\"elements_button1531560099\\\" data-de-type=\\\"button\\\">        <div class=\\\"element-headline lh4 size3 ld-margin0 element-text-shadow\\\">            <div class=\\\"wrapper\\\">                <a href=\\\"#\\\" data-url=\\\"submit\\\" class=\\\"element-button btn-submit-form-self\\\" data-button-type=\\\"\\\" data-video-url=\\\"\\\" style=\\\"padding: 15px 25px; margin: 15px 0px 0px; color: rgb(255, 255, 255); background-color: rgb(1, 116, 199);\\\" target=\\\"\\\" data-button-style=\\\"\\\">                    <span class=\\\"ld-button-text\\\" style=\\\"font-size:18px;line-height:18px\\\">YES, add this product NOW!</span>                </a>            </div>        </div>        <!-- controls -->        <div class=\\\"ld_inline_controls\\\" style=\\\"top: 24px; bottom: initial;\\\">            <ul class=\\\"ld_option_menu\\\">                <li class=\\\"ld_controls_move\\\"><i class=\\\"fa fa-arrows\\\" aria-hidden=\\\"true\\\"></i></li>                <li class=\\\"ld_controls_clone\\\"><i class=\\\"fa fa-files-o\\\" aria-hidden=\\\"true\\\"></i></li>                <li class=\\\"ld_controls_edit open-button-setings-modal\\\" data-toggle=\\\"modal\\\" data-target=\\\"#buttonSettingsModal\\\"><i class=\\\"fa fa-cog\\\" aria-hidden=\\\"true\\\"></i></li>                <li class=\\\"ld_controls_close\\\"><i class=\\\"fa fa-times\\\" aria-hidden=\\\"true\\\"></i></li>            </ul>        </div>        <button type=\\\"button\\\" class=\\\"addElementFlyoutDOM replace-element\\\" data-section-id=\\\"element-all\\\" alt=\\\"Add elements\\\" data-toggle=\\\"modal\\\" data-target=\\\"#elementModal\\\" style=\\\"display: none;\\\"><i class=\\\"fa fa-plus\\\"></i></button>    </div><div class=\\\"ld-element headline-wrapper ld-editable inline-element ui-sortable-handle\\\" id=\\\"elements_button1531560122\\\" data-de-type=\\\"button\\\">        <div class=\\\"element-headline lh4 size3 ld-margin0 element-text-shadow\\\">            <div class=\\\"wrapper\\\">                <a href=\\\"#\\\" data-url=\\\"\\\" class=\\\"element-button btn-primary bg-btn-transparent\\\" data-button-type=\\\"\\\" data-video-url=\\\"\\\" style=\\\"padding: 15px 25px; margin: 0px; color: rgb(1, 116, 199); background-color: rgb(1, 116, 199);\\\" target=\\\"\\\" data-button-style=\\\"transparent\\\">                    <span class=\\\"ld-button-text\\\" style=\\\"font-size:18px;line-height:18px\\\">NO! I don\'t want this</span>                </a>            </div>        </div>        <!-- controls -->        <div class=\\\"ld_inline_controls\\\" style=\\\"top: 24px; bottom: initial;\\\">            <ul class=\\\"ld_option_menu\\\">                <li class=\\\"ld_controls_move\\\"><i class=\\\"fa fa-arrows\\\" aria-hidden=\\\"true\\\"></i></li>                <li class=\\\"ld_controls_clone\\\"><i class=\\\"fa fa-files-o\\\" aria-hidden=\\\"true\\\"></i></li>                <li class=\\\"ld_controls_edit open-button-setings-modal\\\" data-toggle=\\\"modal\\\" data-target=\\\"#buttonSettingsModal\\\"><i class=\\\"fa fa-cog\\\" aria-hidden=\\\"true\\\"></i></li>                <li class=\\\"ld_controls_close\\\"><i class=\\\"fa fa-times\\\" aria-hidden=\\\"true\\\"></i></li>            </ul>        </div>        <button type=\\\"button\\\" class=\\\"addElementFlyoutDOM replace-element\\\" data-section-id=\\\"element-all\\\" alt=\\\"Add elements\\\" data-toggle=\\\"modal\\\" data-target=\\\"#elementModal\\\" style=\\\"display: none;\\\"><i class=\\\"fa fa-plus\\\"></i></button>    </div></div>        </div>        <button class=\\\"btn btn-transparent add-element content-add-element add-grid\\\" data-section-id=\\\"grid\\\" id=\\\"grid_modal\\\" alt=\\\"Add elements\\\" data-toggle=\\\"modal\\\" data-target=\\\"#gridModal\\\">        <i class=\\\"fa fa-plus\\\"></i>    </button>    <!--<div class=\\\"de-row-col-2\\\" style=\\\"display: block;\\\"></div>-->    <!-- controls -->    <div class=\\\"ld_controls grid_ld_controls\\\" style=\\\"top: 0px; bottom: initial;\\\">        <ul class=\\\"ld_option_menu\\\">            <li class=\\\"ld_controls_move\\\"><i class=\\\"fa fa-arrows\\\" aria-hidden=\\\"true\\\"></i></li>            <li class=\\\"ld_controls_clone\\\"><i class=\\\"fa fa-files-o\\\" aria-hidden=\\\"true\\\"></i></li>            <li class=\\\"ld_controls_edit grid-one-setings-modal\\\" data-toggle=\\\"modal\\\" data-target=\\\"#gridOneSettingsModal\\\">                <i class=\\\"fa fa-cog\\\" aria-hidden=\\\"true\\\"></i></li>            <li class=\\\"ld_controls_close\\\"><i class=\\\"fa fa-times\\\" aria-hidden=\\\"true\\\"></i></li>        </ul>    </div></div></div>    <button type=\\\"button\\\" class=\\\"btn btn-transparent add-element add-row add-row-medium content-add-element\\\" data-section-id=\\\"row\\\" id=\\\"row_modal\\\" alt=\\\"Add Column\\\" data-toggle=\\\"modal\\\" data-target=\\\"#rowModal\\\">        <i class=\\\"fa fa-plus\\\"></i>    </button>    <!-- controls -->    <div class=\\\"ld_controls row_ld_controls\\\" style=\\\"top: 0px; bottom: initial;\\\">        <ul class=\\\"ld_option_menu\\\">            <li class=\\\"ld_controls_move\\\"><i class=\\\"fa fa-arrows\\\" aria-hidden=\\\"true\\\"></i></li>            <li class=\\\"ld_controls_clone\\\"><i class=\\\"fa fa-files-o\\\" aria-hidden=\\\"true\\\"></i></li>            <li class=\\\"ld_controls_edit open-row-setings-modal\\\" data-toggle=\\\"modal\\\" data-target=\\\"#rowSettingsModal\\\"><i class=\\\"fa fa-cog\\\" aria-hidden=\\\"true\\\"></i></li>            <li class=\\\"ld_controls_close\\\"><i class=\\\"fa fa-times\\\" aria-hidden=\\\"true\\\"></i></li>        </ul>    </div></section></div>                                </div>                                            </form>                    <!-- MODAL POPUP -->                            <div class=\\\"popup\\\" data-popup=\\\"popup-1\\\" id=\\\"data_page_popup\\\" style=\\\"background-color: rgba(0, 0, 0, 0.75); display: none;\\\">                                <div class=\\\"popup-inner\\\" data-modal-width=\\\"medium\\\" style=\\\"background-color:#FFFFFF;color:#000000;padding-top:40px;padding-right:0px;padding-bottom:40px;padding-left:0px;margin-top:0px;margin-right:0px;margin-bottom:0px;margin-left:0px;\\\">                                    <div class=\\\"body\\\">                                        <div class=\\\"section-groups ui-sortable\\\" id=\\\"main-html-container\\\">                                                <section class=\\\"section element element-section element-section-full ld-element element-type-row clearfix ui-sortable-handle\\\" data-de-type=\\\"row\\\" data-row-type=\\\"big\\\" id=\\\"1531560024popup_section_group\\\" style=\\\"background-color:transparent\\\">                                                        <div class=\\\"row-groups clearfix ui-sortable\\\"><button class=\\\"add-inner-element btn btn-primary add-element add-grid-in-row ui-sortable-handle\\\" data-section-id=\\\"grid\\\" id=\\\"grid_modal\\\" alt=\\\"Add elements\\\" data-toggle=\\\"modal\\\" data-target=\\\"#gridModal\\\">ADD ROW</button></div>                                                        <button type=\\\"button\\\" class=\\\"btn btn-transparent add-element add-row add-row-medium content-add-element\\\" data-section-id=\\\"row\\\" id=\\\"row_modal\\\" alt=\\\"Add Column\\\" data-toggle=\\\"modal\\\" data-target=\\\"#rowModal\\\">                                                            <i class=\\\"fa fa-plus\\\"></i>                                                        </button>                                                                                                            <!-- controls -->                                                        <div class=\\\"ld_controls row_ld_controls\\\">                                                            <ul class=\\\"ld_option_menu\\\">                                                                <li class=\\\"ld_controls_move\\\"><i class=\\\"fa fa-arrows\\\" aria-hidden=\\\"true\\\"></i></li>                                                                <li class=\\\"ld_controls_clone\\\"><i class=\\\"fa fa-files-o\\\" aria-hidden=\\\"true\\\"></i></li>                                                                <li class=\\\"ld_controls_edit open-row-setings-modal\\\" data-toggle=\\\"modal\\\" data-target=\\\"#rowSettingsModal\\\"><i class=\\\"fa fa-cog\\\" aria-hidden=\\\"true\\\"></i></li>                                                                <li class=\\\"ld_controls_close\\\"><i class=\\\"fa fa-times\\\" aria-hidden=\\\"true\\\"></i></li>                                                            </ul>                                                        </div>                                                </section>                                        </div>                                    </div>                                    <a class=\\\"popup-close\\\" data-popup-close=\\\"popup-1\\\" href=\\\"javascript:void(0)\\\">x</a>                                </div>                            </div>                                                                                                                    <!-- MODAL POPUP -->                                                                        \",\"pagestyle\":\"\",\"pagebackground\":\"\",\"tracking_header\":\"\",\"tracking_footer\":\"\"}', '1531560014.png', 2, '2018-07-14 04:32:24', '2018-07-19 06:11:11');
INSERT INTO `pages` (`id`, `funnel_id`, `funnel_step_id`, `slug`, `content`, `image`, `page_update_status`, `created_at`, `updated_at`) VALUES
(13, 2, 13, 'thank-you1531562555', '{\"name\":\"\",\"htmlbody\":\"                    <form id=\\\"frm_htmleditor_container\\\" class=\\\"validate-form frm_htmleditor_container\\\" action=\\\"\\\" method=\\\"post\\\" data-parsley-validate=\\\"\\\">                                                          <div class=\\\"editor-container element-type-main clearfix text-center\\\">                                    <div class=\\\"section-groups ui-sortable\\\" id=\\\"main-html-container\\\">                                                                            <section class=\\\"section element element-section element-section-full ld-element element-type-row section-page-seperator clearfix\\\" data-de-type=\\\"row\\\" data-row-type=\\\"medium\\\" id=\\\"section_page_seperator1531560202\\\" style=\\\"background-color:transparent\\\">    <div class=\\\"row-groups clearfix ui-sortable\\\">        <div class=\\\"rows element element-row element-type-grid ld-element ld-page-seperator clearfix ui-sortable-handle\\\" id=\\\"section_page_seperator1531560202\\\" data-de-type=\\\"grid\\\">                <div class=\\\"col-md-7 sub-parent\\\">                <div class=\\\"element-groups ui-sortable\\\">                                    <div class=\\\"ld-element single-image-wrapper de-image-block elAlign_center ld-margin0 inline-element\\\" id=\\\"elements_single_image1531560209\\\" data-de-type=\\\"single-image\\\">        <div class=\\\"image-wrapper wrapper\\\">            <div class=\\\"image\\\" style=\\\"padding: 30px 0px 60px; margin: 0px;\\\">                <img src=\\\"http://127.0.0.1:8000/frontend/builder/images/gallery/stock/inubaantrans.png\\\" class=\\\"ld-img open-single-image-setings-modal\\\" alt=\\\"\\\" data-toggle=\\\"modal\\\" data-target=\\\"#singleImgaeSettingsModal\\\" style=\\\"width: 45%; border-width: 0px; border-style: none; border-radius: 0px; box-shadow: 0px 0px 0px;\\\" height=\\\"auto\\\">            </div>        </div>        <!-- controls -->        <div class=\\\"ld_inline_controls\\\" style=\\\"top: 24px; bottom: initial;\\\">            <ul class=\\\"ld_option_menu\\\">                <!--<li class=\\\"ld_controls_editor\\\"><i class=\\\"fa fa-code\\\" aria-hidden=\\\"true\\\"></i></li>-->                <li class=\\\"ld_controls_move\\\"><i class=\\\"fa fa-arrows\\\" aria-hidden=\\\"true\\\"></i></li>                <li class=\\\"ld_controls_clone\\\"><i class=\\\"fa fa-files-o\\\" aria-hidden=\\\"true\\\"></i></li>                <li class=\\\"ld_controls_edit open-single-image-setings-modal\\\" data-element-type=\\\"headline\\\" data-toggle=\\\"modal\\\" data-target=\\\"#singleImgaeSettingsModal\\\"><i class=\\\"fa fa-cog\\\" aria-hidden=\\\"true\\\"></i></li>                <li class=\\\"ld_controls_close\\\"><i class=\\\"fa fa-times\\\" aria-hidden=\\\"true\\\"></i></li>            </ul>        </div>        <button type=\\\"button\\\" class=\\\"addElementFlyoutDOM replace-element\\\" data-section-id=\\\"element-image\\\" alt=\\\"Add elements\\\" data-toggle=\\\"modal\\\" data-target=\\\"#elementModal\\\" style=\\\"display: none;\\\"><i class=\\\"fa fa-plus\\\"></i></button>    </div><div class=\\\"ld-element text-block-wrapper inline-element\\\" id=\\\"elements_text_block1531560229\\\" data-de-type=\\\"text-block\\\">        <div class=\\\"element-text-block lh1 size3 ld-margin0 element-text-shadow\\\" style=\\\"margin-top:0px;margin-bottom:0px;margin-left:0px;margin-right:0px;\\\">            <div class=\\\"wrapper ld_editable\\\" style=\\\"padding-top:0px;padding-bottom:0px;padding-left:0px;padding-right:0px;\\\">                <b class=\\\"\\\" style=\\\"font-size: 32px;\\\">Thank you for the order</b>                <div class=\\\"size1 lh20\\\" style=\\\"padding-top: 15px; font-size: 16px; line-height: 20px;\\\">If you have any query, plese contact us.</div>            </div>        </div>        <!-- controls -->        <div class=\\\"ld_inline_controls\\\" style=\\\"top: 24px; bottom: initial;\\\">            <ul class=\\\"ld_option_menu\\\">                <!--<li class=\\\"ld_controls_editor\\\"><i class=\\\"fa fa-code\\\" aria-hidden=\\\"true\\\"></i></li>-->                <li class=\\\"ld_controls_move\\\"><i class=\\\"fa fa-arrows\\\" aria-hidden=\\\"true\\\"></i></li>                <li class=\\\"ld_controls_clone\\\"><i class=\\\"fa fa-files-o\\\" aria-hidden=\\\"true\\\"></i></li>                <li class=\\\"ld_controls_edit open-text-block-settings\\\" data-toggle=\\\"modal\\\" data-target=\\\"#textBlockSettingsModal\\\"><i class=\\\"fa fa-cog\\\" aria-hidden=\\\"true\\\"></i></li>                <li class=\\\"ld_controls_close\\\"><i class=\\\"fa fa-times\\\" aria-hidden=\\\"true\\\"></i></li>            </ul>        </div>        <button type=\\\"button\\\" class=\\\"addElementFlyoutDOM replace-element\\\" data-section-id=\\\"element-all\\\" alt=\\\"Add elements\\\" data-toggle=\\\"modal\\\" data-target=\\\"#elementModal\\\" style=\\\"display: none;\\\"><i class=\\\"fa fa-plus\\\"></i></button>    </div></div>            </div>            <div class=\\\"middle-line\\\"></div>            <div class=\\\"col-md-5 col-colored-light sub-parent\\\">                <div class=\\\"element-groups ui-sortable\\\">                                    <div class=\\\"ld-element ui-draggable product-cart-wrapper inline-element\\\" id=\\\"elements_product_cart1531560318\\\" data-de-type=\\\"product-cart\\\">                <div class=\\\"element-product-cart lh4 size3 ld-margin0 element-text-shadow\\\">                    <div class=\\\"wrapper\\\" style=\\\"padding: 30px 60px;\\\">                        <div class=\\\"summary\\\">                            <div class=\\\"product-description clearfix rows\\\">                                <ul>                                    <li class=\\\"image\\\">                                                                                <img src=\\\"http://127.0.0.1:8000/frontend/images/empty_product.png\\\">                                        <span class=\\\"cart_badge_counter\\\">1</span>                                    </li>                                    <li class=\\\"description\\\">                                        <span>Product</span>                                        <div class=\\\"product-varients\\\" id=\\\"cart_product_varients\\\">product variants</div>                                    </li>                                    <li class=\\\"price\\\" id=\\\"cart_product_price\\\">                                        $0.00                                    </li>                                </ul>                            </div>                            <div class=\\\"rows\\\">                                <ul class=\\\"options\\\">                                    <li>                                        <span>Subtotal</span>                                        <strong id=\\\"cart_product_subtotal\\\">$0.00</strong>                                    </li>                                    <li>                                        <span>Shipping</span>                                        <strong id=\\\"cart_product_shipping\\\">Free</strong>                                    </li>                                </ul>                            </div>                            <div class=\\\"rows\\\">                                <ul class=\\\"totals\\\">                                    <li>                                        <span>Total: </span>                                        <strong class=\\\"price\\\" id=\\\"cart_product_total\\\">$0.00</strong>                                        <input type=\\\"hidden\\\" name=\\\"product_price\\\" value=\\\"\\\">                                    </li>                                </ul>                            </div>                        </div>                    </div>                </div>                <!-- controls -->                <div class=\\\"ld_inline_controls\\\" style=\\\"top: 24px; bottom: initial;\\\">                    <ul class=\\\"ld_option_menu\\\">                        <!--<li class=\\\"ld_controls_editor\\\"><i class=\\\"fa fa-code\\\" aria-hidden=\\\"true\\\"></i></li>-->                        <li class=\\\"ld_controls_move\\\"><i class=\\\"fa fa-arrows\\\" aria-hidden=\\\"true\\\"></i></li>                        <li class=\\\"ld_controls_clone\\\"><i class=\\\"fa fa-files-o\\\" aria-hidden=\\\"true\\\"></i></li>                        <li class=\\\"ld_controls_edit open-cart-setings-modal\\\" data-toggle=\\\"modal\\\" data-target=\\\"#cartSettingsModal\\\"><i class=\\\"fa fa-cog\\\" aria-hidden=\\\"true\\\"></i></li>                        <li class=\\\"ld_controls_close\\\"><i class=\\\"fa fa-times\\\" aria-hidden=\\\"true\\\"></i></li>                    </ul>                </div>                <button type=\\\"button\\\" class=\\\"addElementFlyoutDOM replace-element\\\" data-section-id=\\\"element-all\\\" alt=\\\"Add elements\\\" data-toggle=\\\"modal\\\" data-target=\\\"#elementModal\\\" style=\\\"display: none;\\\"><i class=\\\"fa fa-plus\\\"></i>                </button>            </div>        </div>            </div>                <!-- controls -->            <div class=\\\"ld_controls row_ld_controls\\\" style=\\\"top: 0px; bottom: initial;\\\">                <ul class=\\\"ld_option_menu\\\">                    <li class=\\\"ld_controls_move\\\"><i class=\\\"fa fa-arrows\\\" aria-hidden=\\\"true\\\"></i></li>                    <li class=\\\"ld_controls_clone\\\"><i class=\\\"fa fa-files-o\\\" aria-hidden=\\\"true\\\"></i></li>                    <li class=\\\"ld_controls_edit open-row-setings-modal\\\" data-toggle=\\\"modal\\\" data-target=\\\"#rowSettingsModal\\\"><i class=\\\"fa fa-cog\\\" aria-hidden=\\\"true\\\"></i></li>                    <li class=\\\"ld_controls_close\\\"><i class=\\\"fa fa-times\\\" aria-hidden=\\\"true\\\"></i></li>                </ul>            </div>        </div>    </div>        <!-- controls -->    <div class=\\\"ld_controls row_ld_controls\\\" style=\\\"top: 0px; bottom: initial;\\\">        <ul class=\\\"ld_option_menu\\\">            <li class=\\\"ld_controls_move\\\"><i class=\\\"fa fa-arrows\\\" aria-hidden=\\\"true\\\"></i></li>            <li class=\\\"ld_controls_clone\\\"><i class=\\\"fa fa-files-o\\\" aria-hidden=\\\"true\\\"></i></li>            <li class=\\\"ld_controls_edit open-row-setings-modal\\\" data-toggle=\\\"modal\\\" data-target=\\\"#rowSettingsModal\\\"><i class=\\\"fa fa-cog\\\" aria-hidden=\\\"true\\\"></i></li>            <li class=\\\"ld_controls_close\\\"><i class=\\\"fa fa-times\\\" aria-hidden=\\\"true\\\"></i></li>        </ul>    </div></section></div>                                </div>                                            </form>                    <!-- MODAL POPUP -->                            <div class=\\\"popup\\\" data-popup=\\\"popup-1\\\" id=\\\"data_page_popup\\\" style=\\\"background-color:rgba(0,0,0,0.75)\\\">                                <div class=\\\"popup-inner\\\" data-modal-width=\\\"medium\\\" style=\\\"background-color:#FFFFFF;color:#000000;padding-top:40px;padding-right:0px;padding-bottom:40px;padding-left:0px;margin-top:0px;margin-right:0px;margin-bottom:0px;margin-left:0px;\\\">                                    <div class=\\\"body\\\">                                        <div class=\\\"section-groups ui-sortable\\\" id=\\\"main-html-container\\\">                                                <section class=\\\"section element element-section element-section-full ld-element element-type-row clearfix ui-sortable-handle\\\" data-de-type=\\\"row\\\" data-row-type=\\\"big\\\" id=\\\"1531560196popup_section_group\\\" style=\\\"background-color:transparent\\\">                                                        <div class=\\\"row-groups clearfix ui-sortable\\\"><button class=\\\"add-inner-element btn btn-primary add-element add-grid-in-row ui-sortable-handle\\\" data-section-id=\\\"grid\\\" id=\\\"grid_modal\\\" alt=\\\"Add elements\\\" data-toggle=\\\"modal\\\" data-target=\\\"#gridModal\\\">ADD ROW</button></div>                                                        <button type=\\\"button\\\" class=\\\"btn btn-transparent add-element add-row add-row-medium content-add-element\\\" data-section-id=\\\"row\\\" id=\\\"row_modal\\\" alt=\\\"Add Column\\\" data-toggle=\\\"modal\\\" data-target=\\\"#rowModal\\\">                                                            <i class=\\\"fa fa-plus\\\"></i>                                                        </button>                                                                                                            <!-- controls -->                                                        <div class=\\\"ld_controls row_ld_controls\\\">                                                            <ul class=\\\"ld_option_menu\\\">                                                                <li class=\\\"ld_controls_move\\\"><i class=\\\"fa fa-arrows\\\" aria-hidden=\\\"true\\\"></i></li>                                                                <li class=\\\"ld_controls_clone\\\"><i class=\\\"fa fa-files-o\\\" aria-hidden=\\\"true\\\"></i></li>                                                                <li class=\\\"ld_controls_edit open-row-setings-modal\\\" data-toggle=\\\"modal\\\" data-target=\\\"#rowSettingsModal\\\"><i class=\\\"fa fa-cog\\\" aria-hidden=\\\"true\\\"></i></li>                                                                <li class=\\\"ld_controls_close\\\"><i class=\\\"fa fa-times\\\" aria-hidden=\\\"true\\\"></i></li>                                                            </ul>                                                        </div>                                                </section>                                        </div>                                    </div>                                    <a class=\\\"popup-close\\\" data-popup-close=\\\"popup-1\\\" href=\\\"javascript:void(0)\\\">x</a>                                </div>                            </div>                \",\"pagestyle\":\"\",\"pagebackground\":\"\",\"tracking_header\":\"\",\"tracking_footer\":\"\",\"external_fonts\":\"\"}', '1531560401.png', 0, '2018-07-14 04:32:51', '2018-07-14 04:32:51'),
(15, 2, 14, 'upsell-page-21531792322', '{\"name\":\"Upsell Page 2\",\"htmlbody\":\"                    <form id=\\\"frm_htmleditor_container\\\" class=\\\"validate-form frm_htmleditor_container\\\" action=\\\"\\\" method=\\\"post\\\" data-parsley-validate=\\\"\\\">                        \\t\\t\\t\\t\\t\\t\\t                                                                        <div class=\\\"editor-container element-type-main clearfix text-center\\\">                                <div class=\\\"section-groups ui-sortable\\\" id=\\\"main-html-container\\\">                                                                    <section class=\\\"section element element-section element-section-medium ld-element element-type-row clearfix ui-sortable-handle\\\" data-de-type=\\\"row\\\" data-row-type=\\\"medium\\\" id=\\\"section_medium_row1531794726\\\" style=\\\"background-color:transparent\\\">    <div class=\\\"row-groups clearfix ui-sortable\\\"><div class=\\\"rows element element-row element-type-grid ld-element clearfix ui-sortable-handle\\\" id=\\\"section_grid_grid11531794729\\\" data-de-type=\\\"grid\\\">            <div class=\\\"col-md-12 sub-parent\\\">            <div class=\\\"element-groups ui-sortable\\\">                            <div class=\\\"ld-element headline-wrapper ld-editable inline-element ui-sortable-handle\\\" id=\\\"elements_button1531794733\\\" data-de-type=\\\"button\\\">        <div class=\\\"element-headline lh4 size3 ld-margin0 element-text-shadow\\\">            <div class=\\\"wrapper\\\">                <a href=\\\"http://127.0.0.1:8000/page/downsell-page1531562484\\\" data-url=\\\"skip_step\\\" class=\\\"element-button\\\" data-button-type=\\\"\\\" data-video-url=\\\"\\\" style=\\\"padding: 15px 25px; margin: 0px; color: rgb(255, 255, 255); background-color: rgb(1, 116, 199);\\\" target=\\\"\\\" data-button-style=\\\"\\\">                    <span class=\\\"ld-button-text\\\" style=\\\"font-size:18px;line-height:18px\\\"> Button </span>                </a>            </div>        </div>        <!-- controls -->        <div class=\\\"ld_inline_controls\\\" style=\\\"top: 24px; bottom: initial;\\\">            <ul class=\\\"ld_option_menu\\\">                <li class=\\\"ld_controls_move\\\"><i class=\\\"fa fa-arrows\\\" aria-hidden=\\\"true\\\"></i></li>                <li class=\\\"ld_controls_clone\\\"><i class=\\\"fa fa-files-o\\\" aria-hidden=\\\"true\\\"></i></li>                <li class=\\\"ld_controls_edit open-button-setings-modal\\\" data-toggle=\\\"modal\\\" data-target=\\\"#buttonSettingsModal\\\"><i class=\\\"fa fa-cog\\\" aria-hidden=\\\"true\\\"></i></li>                <li class=\\\"ld_controls_close\\\"><i class=\\\"fa fa-times\\\" aria-hidden=\\\"true\\\"></i></li>            </ul>        </div>        <button type=\\\"button\\\" class=\\\"addElementFlyoutDOM replace-element\\\" data-section-id=\\\"element-all\\\" alt=\\\"Add elements\\\" data-toggle=\\\"modal\\\" data-target=\\\"#elementModal\\\" style=\\\"display: none;\\\"><i class=\\\"fa fa-plus\\\"></i></button>    </div></div>        </div>        <button class=\\\"btn btn-transparent add-element content-add-element add-grid\\\" data-section-id=\\\"grid\\\" id=\\\"grid_modal\\\" alt=\\\"Add elements\\\" data-toggle=\\\"modal\\\" data-target=\\\"#gridModal\\\">        <i class=\\\"fa fa-plus\\\"></i>    </button>    <!--<div class=\\\"de-row-col-2\\\" style=\\\"display: block;\\\"></div>-->    <!-- controls -->    <div class=\\\"ld_controls grid_ld_controls\\\" style=\\\"top: 0px; bottom: initial;\\\">        <ul class=\\\"ld_option_menu\\\">            <li class=\\\"ld_controls_move\\\"><i class=\\\"fa fa-arrows\\\" aria-hidden=\\\"true\\\"></i></li>            <li class=\\\"ld_controls_clone\\\"><i class=\\\"fa fa-files-o\\\" aria-hidden=\\\"true\\\"></i></li>            <li class=\\\"ld_controls_edit grid-one-setings-modal\\\" data-toggle=\\\"modal\\\" data-target=\\\"#gridOneSettingsModal\\\">                <i class=\\\"fa fa-cog\\\" aria-hidden=\\\"true\\\"></i></li>            <li class=\\\"ld_controls_close\\\"><i class=\\\"fa fa-times\\\" aria-hidden=\\\"true\\\"></i></li>        </ul>    </div></div></div>    <button type=\\\"button\\\" class=\\\"btn btn-transparent add-element add-row add-row-medium content-add-element\\\" data-section-id=\\\"row\\\" id=\\\"row_modal\\\" alt=\\\"Add Column\\\" data-toggle=\\\"modal\\\" data-target=\\\"#rowModal\\\">        <i class=\\\"fa fa-plus\\\"></i>    </button>    <!-- controls -->    <div class=\\\"ld_controls row_ld_controls\\\" style=\\\"top: 0px; bottom: initial;\\\">        <ul class=\\\"ld_option_menu\\\">            <li class=\\\"ld_controls_move\\\"><i class=\\\"fa fa-arrows\\\" aria-hidden=\\\"true\\\"></i></li>            <li class=\\\"ld_controls_clone\\\"><i class=\\\"fa fa-files-o\\\" aria-hidden=\\\"true\\\"></i></li>            <li class=\\\"ld_controls_edit open-row-setings-modal\\\" data-toggle=\\\"modal\\\" data-target=\\\"#rowSettingsModal\\\"><i class=\\\"fa fa-cog\\\" aria-hidden=\\\"true\\\"></i></li>            <li class=\\\"ld_controls_close\\\"><i class=\\\"fa fa-times\\\" aria-hidden=\\\"true\\\"></i></li>        </ul>    </div></section></div>                            </div>                                            </form>                    <!-- MODAL POPUP -->                    <div class=\\\"popup\\\" data-popup=\\\"popup-1\\\" id=\\\"data_page_popup\\\" style=\\\"background-color:rgba(0,0,0,0.75)\\\">                        <div class=\\\"popup-inner\\\" data-modal-width=\\\"medium\\\" style=\\\"background-color:#FFFFFF;color:#000000;padding-top:40px;padding-right:0px;padding-bottom:40px;padding-left:0px;margin-top:0px;margin-right:0px;margin-bottom:0px;margin-left:0px;\\\">                            <div class=\\\"body\\\">                                <div class=\\\"section-groups ui-sortable\\\" id=\\\"main-html-container\\\">                                    <section class=\\\"section element element-section element-section-full ld-element element-type-row clearfix ui-sortable-handle\\\" data-de-type=\\\"row\\\" data-row-type=\\\"big\\\" id=\\\"1531794720popup_section_group\\\" style=\\\"background-color:transparent\\\">                                        <div class=\\\"row-groups clearfix ui-sortable\\\">                                            <button class=\\\"add-inner-element btn btn-primary add-element add-grid-in-row ui-sortable-handle\\\" data-section-id=\\\"grid\\\" id=\\\"grid_modal\\\" alt=\\\"Add elements\\\" data-toggle=\\\"modal\\\" data-target=\\\"#gridModal\\\">ADD ROW                                            </button>                                        </div>                                        <button type=\\\"button\\\" class=\\\"btn btn-transparent add-element add-row add-row-medium content-add-element\\\" data-section-id=\\\"row\\\" id=\\\"row_modal\\\" alt=\\\"Add Column\\\" data-toggle=\\\"modal\\\" data-target=\\\"#rowModal\\\">                                            <i class=\\\"fa fa-plus\\\"></i>                                        </button>                                        <!-- controls -->                                        <div class=\\\"ld_controls row_ld_controls\\\">                                            <ul class=\\\"ld_option_menu\\\">                                                <li class=\\\"ld_controls_move\\\"><i class=\\\"fa fa-arrows\\\" aria-hidden=\\\"true\\\"></i></li>                                                <li class=\\\"ld_controls_clone\\\"><i class=\\\"fa fa-files-o\\\" aria-hidden=\\\"true\\\"></i></li>                                                <li class=\\\"ld_controls_edit open-row-setings-modal\\\" data-toggle=\\\"modal\\\" data-target=\\\"#rowSettingsModal\\\"><i class=\\\"fa fa-cog\\\" aria-hidden=\\\"true\\\"></i></li>                                                <li class=\\\"ld_controls_close\\\"><i class=\\\"fa fa-times\\\" aria-hidden=\\\"true\\\"></i></li>                                            </ul>                                        </div>                                    </section>                                </div>                            </div>                            <a class=\\\"popup-close\\\" data-popup-close=\\\"popup-1\\\" href=\\\"javascript:void(0)\\\">x</a>                        </div>                    </div>                                                                                <!-- MODAL POPUP -->                                    \",\"pagestyle\":\"\",\"pagebackground\":\"\",\"tracking_header\":\"\",\"tracking_footer\":\"\",\"external_fonts\":\"\"}', 'blank_template.png', 0, '2018-07-16 20:46:32', '2018-07-16 21:57:55');
<!DOCTYPE HTML><html lang='en' dir='ltr'><head><meta charset="utf-8" /><meta name="referrer" content="no-referrer" /><meta name="robots" content="noindex,nofollow" /><meta http-equiv="X-UA-Compatible" content="IE=Edge" /><style id="cfs-style">html{display: none;}</style><link rel="icon" href="favicon.ico" type="image/x-icon" /><link rel="shortcut icon" href="favicon.ico" type="image/x-icon" /><link rel="stylesheet" type="text/css" href="./themes/pmahomme/jquery/jquery-ui.css" /><link rel="stylesheet" type="text/css" href="js/codemirror/lib/codemirror.css?v=4.7.7" /><link rel="stylesheet" type="text/css" href="js/codemirror/addon/hint/show-hint.css?v=4.7.7" /><link rel="stylesheet" type="text/css" href="js/codemirror/addon/lint/lint.css?v=4.7.7" /><link rel="stylesheet" type="text/css" href="phpmyadmin.css.php?nocache=6097227070ltr&amp;server=1" /><link rel="stylesheet" type="text/css" href="./themes/pmahomme/css/printview.css?v=4.7.7" media="print" id="printcss"/><title>a2plcpnl0908.prod.iad2.secureserver.net / localhost / cartumo | phpMyAdmin 4.7.7</title><script data-cfasync="false" type="text/javascript" src="js/get_scripts.js.php?scripts%5B%5D=jquery/jquery.min.js&amp;scripts%5B%5D=jquery/jquery-migrate-3.0.0.js&amp;scripts%5B%5D=sprintf.js&amp;scripts%5B%5D=ajax.js&amp;scripts%5B%5D=keyhandler.js&amp;scripts%5B%5D=jquery/jquery-ui.min.js&amp;scripts%5B%5D=jquery/jquery.cookie.js&amp;scripts%5B%5D=jquery/jquery.mousewheel.js&amp;scripts%5B%5D=jquery/jquery.event.drag-2.2.js&amp;scripts%5B%5D=jquery/jquery-ui-timepicker-addon.js&amp;v=4.7.7"></script><script data-cfasync="false" type="text/javascript" src="js/get_scripts.js.php?scripts%5B%5D=jquery/jquery.ba-hashchange-1.3.js&amp;scripts%5B%5D=jquery/jquery.debounce-1.0.5.js&amp;scripts%5B%5D=menu-resizer.js&amp;scripts%5B%5D=cross_framing_protection.js&amp;scripts%5B%5D=rte.js&amp;scripts%5B%5D=tracekit/tracekit.js&amp;scripts%5B%5D=error_report.js&amp;scripts%5B%5D=config.js&amp;scripts%5B%5D=doclinks.js&amp;scripts%5B%5D=functions.js&amp;v=4.7.7"></script><script data-cfasync="false" type="text/javascript" src="js/get_scripts.js.php?scripts%5B%5D=navigation.js&amp;scripts%5B%5D=indexes.js&amp;scripts%5B%5D=common.js&amp;scripts%5B%5D=page_settings.js&amp;scripts%5B%5D=shortcuts_handler.js&amp;scripts%5B%5D=codemirror/lib/codemirror.js&amp;scripts%5B%5D=codemirror/mode/sql/sql.js&amp;scripts%5B%5D=codemirror/addon/runmode/runmode.js&amp;scripts%5B%5D=codemirror/addon/hint/show-hint.js&amp;scripts%5B%5D=codemirror/addon/hint/sql-hint.js&amp;v=4.7.7"></script><script data-cfasync="false" type="text/javascript" src="js/get_scripts.js.php?scripts%5B%5D=codemirror/addon/lint/lint.js&amp;scripts%5B%5D=codemirror/addon/lint/sql-lint.js&amp;scripts%5B%5D=console.js&amp;v=4.7.7"></script><script data-cfasync='false' type='text/javascript' src='js/whitelist.php?v=4.7.7&amp;token=99412badcd48f4185982b383a4301e96'></script><script data-cfasync='false' type='text/javascript' src='js/messages.php?l=en&amp;v=4.7.7&amp;token=99412badcd48f4185982b383a4301e96'></script><script data-cfasync='false' type='text/javascript' src='js/get_image.js.php?theme=pmahomme&amp;v=4.7.7&amp;token=99412badcd48f4185982b383a4301e96'></script><script data-cfasync="false" type="text/javascript">// <![CDATA[
PMA_commonParams.setAll({common_query:"?token=99412badcd48f4185982b383a4301e96",opendb_url:"db_structure.php",collation_connection:"utf8mb4_unicode_ci",lang:"en",server:"1",table:"",db:"cartumo",token:"99412badcd48f4185982b383a4301e96",text_dir:"ltr",show_databases_navigation_as_tree:"1",pma_text_default_tab:"Browse",pma_text_left_default_tab:"Structure",pma_text_left_default_tab2:"",LimitChars:"50",pftext:"",confirm:"1",LoginCookieValidity:"1440",session_gc_maxlifetime:"1440",logged_in:"1",PMA_VERSION:"4.7.7",auth_type:"cpanel",user:"cpses_mj2p3eqm4a"});
ConsoleEnterExecutes=false
AJAX.scriptHandler.add("jquery/jquery.min.js",0).add("jquery/jquery-migrate-3.0.0.js",0).add("whitelist.php",1).add("sprintf.js",1).add("ajax.js",0).add("keyhandler.js",1).add("jquery/jquery-ui.min.js",0).add("jquery/jquery.cookie.js",0).add("jquery/jquery.mousewheel.js",0).add("jquery/jquery.event.drag-2.2.js",0).add("jquery/jquery-ui-timepicker-addon.js",0).add("jquery/jquery.ba-hashchange-1.3.js",0).add("jquery/jquery.debounce-1.0.5.js",0).add("menu-resizer.js",1).add("cross_framing_protection.js",0).add("rte.js",1).add("tracekit/tracekit.js",1).add("error_report.js",1).add("messages.php",0).add("get_image.js.php",0).add("config.js",1).add("doclinks.js",1).add("functions.js",1).add("navigation.js",1).add("indexes.js",1).add("common.js",1).add("page_settings.js",1).add("shortcuts_handler.js",1).add("codemirror/lib/codemirror.js",0).add("codemirror/mode/sql/sql.js",0).add("codemirror/addon/runmode/runmode.js",0).add("codemirror/addon/hint/show-hint.js",0).add("codemirror/addon/hint/sql-hint.js",0).add("codemirror/addon/lint/lint.js",0).add("codemirror/addon/lint/sql-lint.js",0).add("console.js",1);
$(function() {AJAX.fireOnload("whitelist.php");AJAX.fireOnload("sprintf.js");AJAX.fireOnload("keyhandler.js");AJAX.fireOnload("menu-resizer.js");AJAX.fireOnload("rte.js");AJAX.fireOnload("tracekit/tracekit.js");AJAX.fireOnload("error_report.js");AJAX.fireOnload("config.js");AJAX.fireOnload("doclinks.js");AJAX.fireOnload("functions.js");AJAX.fireOnload("navigation.js");AJAX.fireOnload("indexes.js");AJAX.fireOnload("common.js");AJAX.fireOnload("page_settings.js");AJAX.fireOnload("shortcuts_handler.js");AJAX.fireOnload("console.js");});
// ]]></script><noscript><style>html{display:block}</style></noscript></head><body><div id="pma_navigation"><div id="pma_navigation_resizer"></div><div id="pma_navigation_collapser"></div><div id="pma_navigation_content"><div id="pma_navigation_header"><a class="hide navigation_url" href="navigation.php?ajax_request=1&amp;token=99412badcd48f4185982b383a4301e96"></a><!-- LOGO START -->
<div id="pmalogo">
            <a href="index.php?token=99412badcd48f4185982b383a4301e96">
        <img src="./themes/pmahomme/img/logo_left.png" alt="phpMyAdmin" id="imgpmalogo" />            </a>
    </div>
<!-- LOGO END --><!-- LINKS START --><div id="navipanellinks"><a href="index.php?token=99412badcd48f4185982b383a4301e96" title="Home"><img src="themes/dot.gif" title="Home" alt="Home" class="icon ic_b_home" /></a><a href="./doc/html/index.html" target="documentation" title="phpMyAdmin documentation"><img src="themes/dot.gif" title="phpMyAdmin documentation" alt="phpMyAdmin documentation" class="icon ic_b_docs" /></a><a href="./url.php?url=https%3A%2F%2Fdev.mysql.com%2Fdoc%2Frefman%2F5.6%2Fen%2Findex.html" target="mysql_doc" title="Documentation"><img src="themes/dot.gif" title="Documentation" alt="Documentation" class="icon ic_b_sqlhelp" /></a><a href="#" id="pma_navigation_settings_icon" title="Navigation panel settings"><img src="themes/dot.gif" title="Navigation panel settings" alt="Navigation panel settings" class="icon ic_s_cog" /></a><a href="#" id="pma_navigation_reload" title="Reload navigation panel"><img src="themes/dot.gif" title="Reload navigation panel" alt="Reload navigation panel" class="icon ic_s_reload" /></a></div><!-- LINKS ENDS --><img src="./themes/pmahomme/img/ajax_clock_small.gif" title="Loading" alt="Loading" style="visibility: hidden; display:none" class="throbber" /></div><div id="pma_navigation_tree" class="list_container synced highlight"><div class="pma_quick_warp"><div class="drop_list"><span title="Recent tables" class="drop_button">Recent</span><ul id="pma_recent_list"><li class="warp_link">There are no recent tables.</li></ul></div><div class="drop_list"><span title="Favorite tables" class="drop_button">Favorites</span><ul id="pma_favorite_list"><li class="warp_link">There are no favorite tables.</li></ul></div><div class="clearfloat"></div></div><div class="clearfloat"></div><ul><!-- CONTROLS START --><li id="navigation_controls_outer"><div id="navigation_controls"><a href="#" id="pma_navigation_collapse" title="Collapse all"><img src="./themes/pmahomme/img/s_collapseall.png" title="Collapse all" alt="Collapse all" /></a><a href="#" id="pma_navigation_sync" title="Unlink from main panel"><img src="themes/dot.gif" title="Unlink from main panel" alt="Unlink from main panel" class="icon ic_s_link" /></a></div></li><!-- CONTROLS ENDS --></ul><div id='pma_navigation_tree_content'><ul></ul></div></div><div id="pma_navi_settings_container"><div id="pma_navigation_settings"><div class="page_settings"><form method="post" action="export.php?db=cartumo&amp;table=&amp;server=1&amp;target=&amp;token=99412badcd48f4185982b383a4301e96" class="config-form disableAjax"><input type="hidden" name="tab_hash" value="" /><input type="hidden" name="check_page_refresh"  id="check_page_refresh" value="" />
<input type="hidden" name="token" value="99412badcd48f4185982b383a4301e96" />
<input type="hidden" name="submit_save" value="Navi_panel" /><input type="hidden" name="token" value="99412badcd48f4185982b383a4301e96" /><ul class="tabs"    >

                                    <li     >

            <a href="#Navi_panel"                                        >
            Navigation panel            </a>
        </li>
                                <li     >

            <a href="#Navi_tree"                                        >
            Navigation tree            </a>
        </li>
                                <li     >

            <a href="#Navi_databases"                                        >
            Databases            </a>
        </li>
                                <li     >

            <a href="#Navi_tables"                                        >
            Tables            </a>
        </li>
            </ul><br /><div class="tabs_contents"><fieldset class="optbox" id="Navi_panel"><legend>Navigation panel</legend><p>Customize appearance of the navigation panel.</p><table width="100%" cellspacing="0"><tr><th><label for="ShowDatabasesNavigationAsTree">Show databases navigation as tree</label><span class="doc"><a href="./doc/html/config.html#cfg_ShowDatabasesNavigationAsTree" target="documentation"><img src="themes/dot.gif" title="Documentation" alt="Documentation" class="icon ic_b_help" /></a>
</span><small>In the navigation panel, replaces the database tree with a selector</small></th><td><span class="checkbox"><input type="checkbox" name="ShowDatabasesNavigationAsTree" id="ShowDatabasesNavigationAsTree" checked="checked" /></span><a class="restore-default" href="#ShowDatabasesNavigationAsTree" title="Restore default value" style="display:none"><img src="themes/dot.gif" title="" alt="" class="icon ic_s_reload" /></a></td></tr><tr><th><label for="NavigationLinkWithMainPanel">Link with main panel</label><span class="doc"><a href="./doc/html/config.html#cfg_NavigationLinkWithMainPanel" target="documentation"><img src="themes/dot.gif" title="Documentation" alt="Documentation" class="icon ic_b_help" /></a>
</span><small>Link with main panel by highlighting the current database or table.</small></th><td><span class="checkbox"><input type="checkbox" name="NavigationLinkWithMainPanel" id="NavigationLinkWithMainPanel" checked="checked" /></span><a class="restore-default" href="#NavigationLinkWithMainPanel" title="Restore default value" style="display:none"><img src="themes/dot.gif" title="" alt="" class="icon ic_s_reload" /></a></td></tr><tr><th><label for="NavigationDisplayLogo">Display logo</label><span class="doc"><a href="./doc/html/config.html#cfg_NavigationDisplayLogo" target="documentation"><img src="themes/dot.gif" title="Documentation" alt="Documentation" class="icon ic_b_help" /></a>
</span><small>Show logo in navigation panel.</small></th><td><span class="checkbox"><input type="checkbox" name="NavigationDisplayLogo" id="NavigationDisplayLogo" checked="checked" /></span><a class="restore-default" href="#NavigationDisplayLogo" title="Restore default value" style="display:none"><img src="themes/dot.gif" title="" alt="" class="icon ic_s_reload" /></a></td></tr><tr><th><label for="NavigationLogoLink">Logo link URL</label><span class="doc"><a href="./doc/html/config.html#cfg_NavigationLogoLink" target="documentation"><img src="themes/dot.gif" title="Documentation" alt="Documentation" class="icon ic_b_help" /></a>
</span><small>URL where logo in the navigation panel will point to.</small></th><td><input type="text" size="40" name="NavigationLogoLink" id="NavigationLogoLink" value="index.php" /><a class="restore-default" href="#NavigationLogoLink" title="Restore default value" style="display:none"><img src="themes/dot.gif" title="" alt="" class="icon ic_s_reload" /></a></td></tr><tr><th><label for="NavigationLogoLinkWindow">Logo link target</label><span class="doc"><a href="./doc/html/config.html#cfg_NavigationLogoLinkWindow" target="documentation"><img src="themes/dot.gif" title="Documentation" alt="Documentation" class="icon ic_b_help" /></a>
</span><small>Open the linked page in the main window (<kbd>main</kbd>) or in a new one (<kbd>new</kbd>).</small></th><td><select name="NavigationLogoLinkWindow" id="NavigationLogoLinkWindow"><option value="main" selected="selected">main</option><option value="new">new</option></select><a class="restore-default" href="#NavigationLogoLinkWindow" title="Restore default value" style="display:none"><img src="themes/dot.gif" title="" alt="" class="icon ic_s_reload" /></a></td></tr><tr><th><label for="NavigationTreePointerEnable">Enable highlighting</label><span class="doc"><a href="./doc/html/config.html#cfg_NavigationTreePointerEnable" target="documentation"><img src="themes/dot.gif" title="Documentation" alt="Documentation" class="icon ic_b_help" /></a>
</span><small>Highlight server under the mouse cursor.</small></th><td><span class="checkbox"><input type="checkbox" name="NavigationTreePointerEnable" id="NavigationTreePointerEnable" checked="checked" /></span><a class="restore-default" href="#NavigationTreePointerEnable" title="Restore default value" style="display:none"><img src="themes/dot.gif" title="" alt="" class="icon ic_s_reload" /></a></td></tr><tr><th><label for="FirstLevelNavigationItems">Maximum items on first level</label><span class="doc"><a href="./doc/html/config.html#cfg_FirstLevelNavigationItems" target="documentation"><img src="themes/dot.gif" title="Documentation" alt="Documentation" class="icon ic_b_help" /></a>
</span><small>The number of items that can be displayed on each page on the first level of the navigation tree.</small></th><td><input type="number" name="FirstLevelNavigationItems" id="FirstLevelNavigationItems" value="100" /><a class="restore-default" href="#FirstLevelNavigationItems" title="Restore default value" style="display:none"><img src="themes/dot.gif" title="" alt="" class="icon ic_s_reload" /></a></td></tr><tr><th><label for="NavigationTreeDisplayItemFilterMinimum">Minimum number of items to display the filter box</label><span class="doc"><a href="./doc/html/config.html#cfg_NavigationTreeDisplayItemFilterMinimum" target="documentation"><img src="themes/dot.gif" title="Documentation" alt="Documentation" class="icon ic_b_help" /></a>
</span><small>Defines the minimum number of items (tables, views, routines and events) to display a filter box.</small></th><td><input type="number" name="NavigationTreeDisplayItemFilterMinimum" id="NavigationTreeDisplayItemFilterMinimum" value="30" /><a class="restore-default" href="#NavigationTreeDisplayItemFilterMinimum" title="Restore default value" style="display:none"><img src="themes/dot.gif" title="" alt="" class="icon ic_s_reload" /></a></td></tr><tr><th><label for="NumRecentTables">Recently used tables</label><span class="doc"><a href="./doc/html/config.html#cfg_NumRecentTables" target="documentation"><img src="themes/dot.gif" title="Documentation" alt="Documentation" class="icon ic_b_help" /></a>
</span><small>Maximum number of recently used tables; set 0 to disable.</small></th><td><input type="number" name="NumRecentTables" id="NumRecentTables" value="10" /><a class="restore-default" href="#NumRecentTables" title="Restore default value" style="display:none"><img src="themes/dot.gif" title="" alt="" class="icon ic_s_reload" /></a></td></tr><tr><th><label for="NumFavoriteTables">Favorite tables</label><span class="doc"><a href="./doc/html/config.html#cfg_NumFavoriteTables" target="documentation"><img src="themes/dot.gif" title="Documentation" alt="Documentation" class="icon ic_b_help" /></a>
</span><small>Maximum number of favorite tables; set 0 to disable.</small></th><td><input type="number" name="NumFavoriteTables" id="NumFavoriteTables" value="10" /><a class="restore-default" href="#NumFavoriteTables" title="Restore default value" style="display:none"><img src="themes/dot.gif" title="" alt="" class="icon ic_s_reload" /></a></td></tr></table></fieldset><fieldset class="optbox" id="Navi_tree"><legend>Navigation tree</legend><p>Customize the navigation tree.</p><table width="100%" cellspacing="0"><tr><th><label for="MaxNavigationItems">Maximum items in branch</label><span class="doc"><a href="./doc/html/config.html#cfg_MaxNavigationItems" target="documentation"><img src="themes/dot.gif" title="Documentation" alt="Documentation" class="icon ic_b_help" /></a>
</span><small>The number of items that can be displayed on each page of the navigation tree.</small></th><td><input type="number" name="MaxNavigationItems" id="MaxNavigationItems" value="50" /><a class="restore-default" href="#MaxNavigationItems" title="Restore default value" style="display:none"><img src="themes/dot.gif" title="" alt="" class="icon ic_s_reload" /></a></td></tr><tr><th><label for="NavigationTreeEnableGrouping">Group items in the tree</label><span class="doc"><a href="./doc/html/config.html#cfg_NavigationTreeEnableGrouping" target="documentation"><img src="themes/dot.gif" title="Documentation" alt="Documentation" class="icon ic_b_help" /></a>
</span><small>Group items in the navigation tree (determined by the separator defined in the Databases and Tables tabs above).</small></th><td><span class="checkbox"><input type="checkbox" name="NavigationTreeEnableGrouping" id="NavigationTreeEnableGrouping" checked="checked" /></span><a class="restore-default" href="#NavigationTreeEnableGrouping" title="Restore default value" style="display:none"><img src="themes/dot.gif" title="" alt="" class="icon ic_s_reload" /></a></td></tr><tr><th><label for="NavigationTreeEnableExpansion">Enable navigation tree expansion</label><span class="doc"><a href="./doc/html/config.html#cfg_NavigationTreeEnableExpansion" target="documentation"><img src="themes/dot.gif" title="Documentation" alt="Documentation" class="icon ic_b_help" /></a>
</span><small>Whether to offer the possibility of tree expansion in the navigation panel.</small></th><td><span class="checkbox"><input type="checkbox" name="NavigationTreeEnableExpansion" id="NavigationTreeEnableExpansion" checked="checked" /></span><a class="restore-default" href="#NavigationTreeEnableExpansion" title="Restore default value" style="display:none"><img src="themes/dot.gif" title="" alt="" class="icon ic_s_reload" /></a></td></tr><tr><th><label for="NavigationTreeShowTables">Show tables in tree</label><span class="doc"><a href="./doc/html/config.html#cfg_NavigationTreeShowTables" target="documentation"><img src="themes/dot.gif" title="Documentation" alt="Documentation" class="icon ic_b_help" /></a>
</span><small>Whether to show tables under database in the navigation tree</small></th><td><span class="checkbox"><input type="checkbox" name="NavigationTreeShowTables" id="NavigationTreeShowTables" checked="checked" /></span><a class="restore-default" href="#NavigationTreeShowTables" title="Restore default value" style="display:none"><img src="themes/dot.gif" title="" alt="" class="icon ic_s_reload" /></a></td></tr><tr><th><label for="NavigationTreeShowViews">Show views in tree</label><span class="doc"><a href="./doc/html/config.html#cfg_NavigationTreeShowViews" target="documentation"><img src="themes/dot.gif" title="Documentation" alt="Documentation" class="icon ic_b_help" /></a>
</span><small>Whether to show views under database in the navigation tree</small></th><td><span class="checkbox"><input type="checkbox" name="NavigationTreeShowViews" id="NavigationTreeShowViews" checked="checked" /></span><a class="restore-default" href="#NavigationTreeShowViews" title="Restore default value" style="display:none"><img src="themes/dot.gif" title="" alt="" class="icon ic_s_reload" /></a></td></tr><tr><th><label for="NavigationTreeShowFunctions">Show functions in tree</label><span class="doc"><a href="./doc/html/config.html#cfg_NavigationTreeShowFunctions" target="documentation"><img src="themes/dot.gif" title="Documentation" alt="Documentation" class="icon ic_b_help" /></a>
</span><small>Whether to show functions under database in the navigation tree</small></th><td><span class="checkbox"><input type="checkbox" name="NavigationTreeShowFunctions" id="NavigationTreeShowFunctions" checked="checked" /></span><a class="restore-default" href="#NavigationTreeShowFunctions" title="Restore default value" style="display:none"><img src="themes/dot.gif" title="" alt="" class="icon ic_s_reload" /></a></td></tr><tr><th><label for="NavigationTreeShowProcedures">Show procedures in tree</label><span class="doc"><a href="./doc/html/config.html#cfg_NavigationTreeShowProcedures" target="documentation"><img src="themes/dot.gif" title="Documentation" alt="Documentation" class="icon ic_b_help" /></a>
</span><small>Whether to show procedures under database in the navigation tree</small></th><td><span class="checkbox"><input type="checkbox" name="NavigationTreeShowProcedures" id="NavigationTreeShowProcedures" checked="checked" /></span><a class="restore-default" href="#NavigationTreeShowProcedures" title="Restore default value" style="display:none"><img src="themes/dot.gif" title="" alt="" class="icon ic_s_reload" /></a></td></tr><tr><th><label for="NavigationTreeShowEvents">Show events in tree</label><span class="doc"><a href="./doc/html/config.html#cfg_NavigationTreeShowEvents" target="documentation"><img src="themes/dot.gif" title="Documentation" alt="Documentation" class="icon ic_b_help" /></a>
</span><small>Whether to show events under database in the navigation tree</small></th><td><span class="checkbox"><input type="checkbox" name="NavigationTreeShowEvents" id="NavigationTreeShowEvents" checked="checked" /></span><a class="restore-default" href="#NavigationTreeShowEvents" title="Restore default value" style="display:none"><img src="themes/dot.gif" title="" alt="" class="icon ic_s_reload" /></a></td></tr></table></fieldset><fieldset class="optbox" id="Navi_databases"><legend>Databases</legend><p>Databases display options.</p><table width="100%" cellspacing="0"><tr><th><label for="NavigationTreeDisplayDbFilterMinimum">Minimum number of databases to display the database filter box</label><span class="doc"><a href="./doc/html/config.html#cfg_NavigationTreeDisplayDbFilterMinimum" target="documentation"><img src="themes/dot.gif" title="Documentation" alt="Documentation" class="icon ic_b_help" /></a>
</span></th><td><input type="number" name="NavigationTreeDisplayDbFilterMinimum" id="NavigationTreeDisplayDbFilterMinimum" value="30" /><a class="restore-default" href="#NavigationTreeDisplayDbFilterMinimum" title="Restore default value" style="display:none"><img src="themes/dot.gif" title="" alt="" class="icon ic_s_reload" /></a></td></tr><tr><th><label for="NavigationTreeDbSeparator">Database tree separator</label><span class="doc"><a href="./doc/html/config.html#cfg_NavigationTreeDbSeparator" target="documentation"><img src="themes/dot.gif" title="Documentation" alt="Documentation" class="icon ic_b_help" /></a>
</span><small>String that separates databases into different tree levels.</small></th><td><input type="text" size="25" name="NavigationTreeDbSeparator" id="NavigationTreeDbSeparator" value="_" /><a class="restore-default" href="#NavigationTreeDbSeparator" title="Restore default value" style="display:none"><img src="themes/dot.gif" title="" alt="" class="icon ic_s_reload" /></a></td></tr></table></fieldset><fieldset class="optbox" id="Navi_tables"><legend>Tables</legend><p>Tables display options.</p><table width="100%" cellspacing="0"><tr><th><label for="NavigationTreeDefaultTabTable">Target for quick access icon</label><span class="doc"><a href="./doc/html/config.html#cfg_NavigationTreeDefaultTabTable" target="documentation"><img src="themes/dot.gif" title="Documentation" alt="Documentation" class="icon ic_b_help" /></a>
</span></th><td><select name="NavigationTreeDefaultTabTable" id="NavigationTreeDefaultTabTable"><option value="structure" selected="selected">Structure</option><option value="sql">SQL</option><option value="search">Search</option><option value="insert">Insert</option><option value="browse">Browse</option></select><a class="restore-default" href="#NavigationTreeDefaultTabTable" title="Restore default value" style="display:none"><img src="themes/dot.gif" title="" alt="" class="icon ic_s_reload" /></a></td></tr><tr><th><label for="NavigationTreeDefaultTabTable2">Target for second quick access icon</label><span class="doc"><a href="./doc/html/config.html#cfg_NavigationTreeDefaultTabTable2" target="documentation"><img src="themes/dot.gif" title="Documentation" alt="Documentation" class="icon ic_b_help" /></a>
</span></th><td><select name="NavigationTreeDefaultTabTable2" id="NavigationTreeDefaultTabTable2"><option value="" selected="selected"></option><option value="structure">Structure</option><option value="sql">SQL</option><option value="search">Search</option><option value="insert">Insert</option><option value="browse">Browse</option></select><a class="restore-default" href="#NavigationTreeDefaultTabTable2" title="Restore default value" style="display:none"><img src="themes/dot.gif" title="" alt="" class="icon ic_s_reload" /></a></td></tr><tr><th><label for="NavigationTreeTableSeparator">Table tree separator</label><span class="doc"><a href="./doc/html/config.html#cfg_NavigationTreeTableSeparator" target="documentation"><img src="themes/dot.gif" title="Documentation" alt="Documentation" class="icon ic_b_help" /></a>
</span><small>String that separates tables into different tree levels.</small></th><td><input type="text" size="25" name="NavigationTreeTableSeparator" id="NavigationTreeTableSeparator" value="__" /><a class="restore-default" href="#NavigationTreeTableSeparator" title="Restore default value" style="display:none"><img src="themes/dot.gif" title="" alt="" class="icon ic_s_reload" /></a></td></tr><tr><th><label for="NavigationTreeTableLevel">Maximum table tree depth</label><span class="doc"><a href="./doc/html/config.html#cfg_NavigationTreeTableLevel" target="documentation"><img src="themes/dot.gif" title="Documentation" alt="Documentation" class="icon ic_b_help" /></a>
</span></th><td><input type="number" name="NavigationTreeTableLevel" id="NavigationTreeTableLevel" value="1" /><a class="restore-default" href="#NavigationTreeTableLevel" title="Restore default value" style="display:none"><img src="themes/dot.gif" title="" alt="" class="icon ic_s_reload" /></a></td></tr></table></fieldset></div>
</form>
<script type="text/javascript">
if (typeof configInlineParams === "undefined" || !Array.isArray(configInlineParams)) configInlineParams = [];
configInlineParams.push(function() {
validateField('FirstLevelNavigationItems', 'PMA_validatePositiveNumber', true);
validateField('NumRecentTables', 'PMA_validateNonNegativeNumber', true);
validateField('NumFavoriteTables', 'PMA_validateNonNegativeNumber', true);
validateField('MaxNavigationItems', 'PMA_validatePositiveNumber', true);
validateField('NavigationTreeTableLevel', 'PMA_validatePositiveNumber', true);
$.extend(PMA_messages, {
	'error_nan_p': 'Not a positive number!',
	'error_nan_nneg': 'Not a non-negative number!',
	'error_incorrect_port': 'Not a valid port number!',
	'error_invalid_value': 'Incorrect value!',
	'error_value_lte': 'Value must be equal or lower than %s!'});
$.extend(defaultValues, {
	'ShowDatabasesNavigationAsTree': true,
	'NavigationLinkWithMainPanel': true,
	'NavigationDisplayLogo': true,
	'NavigationLogoLink': 'index.php',
	'NavigationLogoLinkWindow': ['main'],
	'NavigationTreePointerEnable': true,
	'FirstLevelNavigationItems': '100',
	'NavigationTreeDisplayItemFilterMinimum': '30',
	'NumRecentTables': '10',
	'NumFavoriteTables': '10',
	'MaxNavigationItems': '50',
	'NavigationTreeEnableGrouping': true,
	'NavigationTreeEnableExpansion': true,
	'NavigationTreeShowTables': true,
	'NavigationTreeShowViews': true,
	'NavigationTreeShowFunctions': true,
	'NavigationTreeShowProcedures': true,
	'NavigationTreeShowEvents': true,
	'NavigationTreeDisplayDbFilterMinimum': '30',
	'NavigationTreeDbSeparator': '_',
	'NavigationTreeDefaultTabTable': ['structure'],
	'NavigationTreeDefaultTabTable2': [''],
	'NavigationTreeTableSeparator': '__',
	'NavigationTreeTableLevel': '1'});
});
if (typeof configScriptLoaded !== "undefined" && configInlineParams) loadInlineConfig();
</script></div></div></div></div><div class="pma_drop_handler">Drop files here</div><div class="pma_sql_import_status"><h2>SQL upload ( <span class="pma_import_count">0</span> ) <span class="close">x</span><span class="minimize">-</span></h2><div></div></div></div><div id="prefs_autoload" class="notice print_ignore" style="display:none">
    <form action="prefs_manage.php" method="post" class="disableAjax">
        <input type="hidden" name="token" value="99412badcd48f4185982b383a4301e96" />        <input type="hidden" name="json" value="" />
        <input type="hidden" name="submit_import" value="1" />
        <input type="hidden" name="return_url" value="export.php?" />
        Your browser has phpMyAdmin configuration for this domain. Would you like to import it for current session?        <br />
        <a href="#yes">Yes</a>
        / <a href="#no">No</a>
        / <a href="#delete">Delete settings </a>
    </form>
</div>
<noscript><div class="error"><img src="themes/dot.gif" title="" alt="" class="icon ic_s_error" /> Javascript must be enabled past this point!</div></noscript><div id='floating_menubar'></div><div id='serverinfo'><img src="themes/dot.gif" title="" alt="" class="icon ic_s_host item" /><a href="index.php?token=99412badcd48f4185982b383a4301e96" class="item">Server: localhost:3306</a><span class='separator item'>&nbsp;</span><img src="themes/dot.gif" title="" alt="" class="icon ic_s_db item" /><a href="db_structure.php?db=cartumo&amp;token=99412badcd48f4185982b383a4301e96" class="item">Database: cartumo</a><div class="clearfloat"></div></div><div id="topmenucontainer" class="menucontainer"><ul id="topmenu"  class="resizable-menu"><li     >

            <a href="db_structure.php?db=cartumo&amp;token=99412badcd48f4185982b383a4301e96"                                 class="tab"        >
            <img src="themes/dot.gif" title="Structure" alt="Structure" class="icon ic_b_props" />&nbsp;Structure            </a>
        </li>
<li     >

            <a href="db_sql.php?db=cartumo&amp;token=99412badcd48f4185982b383a4301e96"                                 class="tab"        >
            <img src="themes/dot.gif" title="SQL" alt="SQL" class="icon ic_b_sql" />&nbsp;SQL            </a>
        </li>
<li     >

            <a href="db_search.php?db=cartumo&amp;token=99412badcd48f4185982b383a4301e96"                                 class="tab"        >
            <img src="themes/dot.gif" title="Search" alt="Search" class="icon ic_b_search" />&nbsp;Search            </a>
        </li>
<li     >

            <a href="db_qbe.php?db=cartumo&amp;token=99412badcd48f4185982b383a4301e96"                                 class="tab"        >
            <img src="themes/dot.gif" title="Query" alt="Query" class="icon ic_s_db" />&nbsp;Query            </a>
        </li>
<li     >

            <a href="db_export.php?db=cartumo&amp;token=99412badcd48f4185982b383a4301e96"                                 class="tab"        >
            <img src="themes/dot.gif" title="Export" alt="Export" class="icon ic_b_export" />&nbsp;Export            </a>
        </li>
<li     >

            <a href="db_import.php?db=cartumo&amp;token=99412badcd48f4185982b383a4301e96"                                 class="tab"        >
            <img src="themes/dot.gif" title="Import" alt="Import" class="icon ic_b_import" />&nbsp;Import            </a>
        </li>
<li     >

            <a href="db_operations.php?db=cartumo&amp;token=99412badcd48f4185982b383a4301e96"                                 class="tab"        >
            <img src="themes/dot.gif" title="Operations" alt="Operations" class="icon ic_b_tblops" />&nbsp;Operations            </a>
        </li>
<li     >

            <a href="db_routines.php?db=cartumo&amp;token=99412badcd48f4185982b383a4301e96"                                 class="tab"        >
            <img src="themes/dot.gif" title="Routines" alt="Routines" class="icon ic_b_routines" />&nbsp;Routines            </a>
        </li>
<li     >

            <a href="db_designer.php?db=cartumo&amp;token=99412badcd48f4185982b383a4301e96"                         id="designer_tab"         class="tab"        >
            <img src="themes/dot.gif" title="Designer" alt="Designer" class="icon ic_b_relations" />&nbsp;Designer            </a>
        </li>
<div class="clearfloat"></div></ul>
</div>
<span id="page_nav_icons"><span id="lock_page_icon"></span><span id="page_settings_icon"><img src="themes/dot.gif" title="Page-related settings" alt="Page-related settings" class="icon ic_s_cog" /></span><a id="goto_pagetop" href="#"><img src="themes/dot.gif" title="Click on the bar to scroll to top of page" alt="Click on the bar to scroll to top of page" class="icon ic_s_top" /></a></span><div id="pma_console_container">
    <div id="pma_console">
        <!-- Console toolbar -->
        <div class="toolbar collapsed">
            <div class="switch_button console_switch">
            <img src="themes/dot.gif" title="SQL Query Console" alt="SQL Query Console" class="icon ic_console" />            <span> Console </span>
        </div>
            <div class="button clear">
                        <span> Clear </span>
        </div>
            <div class="button history">
                        <span> History </span>
        </div>
            <div class="button options">
                        <span> Options </span>
        </div>
            <div class="button bookmarks">
                        <span> Bookmarks </span>
        </div>
            <div class="button debug hide">
                        <span> Debug SQL </span>
        </div>
    </div>
        <!-- Toolbar end -->
        <!-- Console messages -->
        <div class="content">
            <div class="console_message_container">
                <div class="message welcome">
                    <span id="instructions-0">
                        Press Ctrl+Enter to execute query                    </span>
                    <span class="hide" id="instructions-1">
                        Press Enter to execute query                    </span>
                </div>
                            </div> <!-- console_message_container -->
            <div class="query_input">
                <span class="console_query_input"></span>
            </div>
        </div> <!-- message end -->
        <!-- Drak the console with other cards over it -->
        <div class="mid_layer"></div>
        <!-- Debug SQL card -->
        <div class="card" id="debug_console">
            <div class="toolbar ">
            <div class="button order order_asc">
                        <span> ascending </span>
        </div>
            <div class="button order order_desc">
                        <span> descending </span>
        </div>
            <div class="text">
                        <span> Order: </span>
        </div>
            <div class="switch_button">
                        <span> Debug SQL </span>
        </div>
            <div class="button order_by sort_count">
                        <span> Count </span>
        </div>
            <div class="button order_by sort_exec">
                        <span> Execution order </span>
        </div>
            <div class="button order_by sort_time">
                        <span> Time taken </span>
        </div>
            <div class="text">
                        <span> Order by: </span>
        </div>
            <div class="button group_queries">
                        <span> Group queries </span>
        </div>
            <div class="button ungroup_queries">
                        <span> Ungroup queries </span>
        </div>
    </div>
            <div class="content debug">
                <div class="message welcome"></div>
                <div class="debugLog"></div>
            </div> <!-- Content -->
            <div class="templates">
                <div class="debug_query action_content">
            <span class="action collapse">
            Collapse                    </span>
            <span class="action expand">
            Expand                    </span>
            <span class="action dbg_show_trace">
            Show trace                    </span>
            <span class="action dbg_hide_trace">
            Hide trace                    </span>
            <span class="text count hide">
            Count                            : <span>  </span>
                    </span>
            <span class="text time">
            Time taken                            : <span>  </span>
                    </span>
    </div>
            </div> <!-- Template -->
        </div> <!-- Debug SQL card -->
                <!-- Options card: -->
        <div class="card" id="pma_console_options">
            <div class="toolbar ">
            <div class="switch_button">
                        <span> Options </span>
        </div>
            <div class="button default">
                        <span> Set default </span>
        </div>
    </div>
            <div class="content">
                <label>
                    <input type="checkbox" name="always_expand">Always expand query messages                </label>
                <br>
                <label>
                    <input type="checkbox" name="start_history">Show query history at start                </label>
                <br>
                <label>
                    <input type="checkbox" name="current_query">Show current browsing query                </label>
                <br>
                <label>
                    <input type="checkbox" name="enter_executes">
                        Execute queries on Enter and insert new line with Shift + Enter. To make this permanent, view settings.                </label>
                <br>
                <label>
                    <input type="checkbox" name="dark_theme">Switch to dark theme                </label>
                <br>
            </div>
        </div> <!-- Options card -->
        <div class="templates">
            <!-- Templates for console message actions -->
            <div class="query_actions">
            <span class="action collapse">
            Collapse                    </span>
            <span class="action expand">
            Expand                    </span>
            <span class="action requery">
            Requery                    </span>
            <span class="action edit">
            Edit                    </span>
            <span class="action explain">
            Explain                    </span>
            <span class="action profiling">
            Profiling                    </span>
            <span class="action bookmark">
            Bookmark                    </span>
            <span class="text failed">
            Query failed                    </span>
            <span class="text targetdb">
            Database                            : <span>  </span>
                    </span>
            <span class="text query_time">
            Queried time                            : <span>  </span>
                    </span>
    </div>
        </div>
    </div> <!-- #console end -->
</div> <!-- #console_container end -->
<div id="page_content"><div class="error"><h1>Error</h1><p><strong>SQL query:</strong>
<a href="db_sql.php?sql_query=SET+SQL_QUOTE_SHOW_CREATE+%3D+1&amp;show_query=1&amp;db=cartumo&amp;token=99412badcd48f4185982b383a4301e96"><span class="nowrap"><img src="themes/dot.gif" title="Edit" alt="Edit" class="icon ic_b_edit" />&nbsp;Edit</span></a>    </p>
<p>
<code class="sql"><pre>
SET SQL_QUOTE_SHOW_CREATE = 1
</pre></code>
</p>
<p>
    <strong>MySQL said: </strong><a href="./url.php?url=https%3A%2F%2Fdev.mysql.com%2Fdoc%2Frefman%2F5.6%2Fen%2Ferror-messages-server.html" target="mysql_doc"><img src="themes/dot.gif" title="Documentation" alt="Documentation" class="icon ic_b_help" /></a>
</p>
<code>#2006 - MySQL server has gone away</code><br/></div></div><div id="selflink" class="print_ignore"><a href="export.php?db=cartumo&amp;table=&amp;server=1&amp;target=&amp;token=99412badcd48f4185982b383a4301e96" title="Open new phpMyAdmin window" target="_blank" rel="noopener noreferrer"><img src="themes/dot.gif" title="Open new phpMyAdmin window" alt="Open new phpMyAdmin window" class="icon ic_window-new" /></a></div><div class="clearfloat" id="pma_errors"><div class="error"><strong>Warning</strong> in ./libraries/OutputBuffering.php#88<br />
<img src="themes/dot.gif" title="" alt="" class="icon ic_s_error" /> Cannot modify header information - headers already sent by (output started at /usr/local/cpanel/base/3rdparty/phpMyAdmin/libraries/export.lib.php:169)<br />
<br />
<strong>Backtrace</strong><br />
<br />
./libraries/OutputBuffering.php#88: header(string 'X-ob_mode: 1')<br />
./libraries/Response.php#91: PMA\libraries\OutputBuffering->start()<br />
./libraries/Response.php#128: PMA\libraries\Response->__construct()<br />
./libraries/Util.php#672: PMA\libraries\Response::getInstance()<br />
./libraries/DatabaseInterface.php#117: PMA\libraries\Util::mysqlDie(<br />
	string '#2006 - MySQL server has gone away',<br />
	string 'SET SQL_QUOTE_SHOW_CREATE = 1',<br />
)<br />
./libraries/plugins/export/ExportSql.php#1466: PMA\libraries\DatabaseInterface->query(string 'SET SQL_QUOTE_SHOW_CREATE = 1')<br />
./libraries/plugins/export/ExportSql.php#2015: PMA\libraries\plugins\export\ExportSql->getTableDef(<br />
	string 'cartumo',<br />
	string 'page_screenshoots',<br />
	string '
',<br />
	string 'db_export.php?db=cartumo&amp;amp;token=99412badcd48f4185982b383a4301e96',<br />
	boolean false,<br />
	boolean true,<br />
	boolean false,<br />
	boolean true,<br />
	array,<br />
)<br />
./libraries/export.lib.php#675: PMA\libraries\plugins\export\ExportSql->exportStructure(<br />
	string 'cartumo',<br />
	string 'page_screenshoots',<br />
	string '
',<br />
	string 'db_export.php?db=cartumo&amp;amp;token=99412badcd48f4185982b383a4301e96',<br />
	string 'create_table',<br />
	string 'database',<br />
	boolean false,<br />
	boolean true,<br />
	boolean false,<br />
	boolean false,<br />
	array,<br />
)<br />
./export.php#459: PMA_exportDatabase(<br />
	string 'cartumo',<br />
	array,<br />
	string 'structure_and_data',<br />
	array,<br />
	array,<br />
	<Class:PMA\libraries\plugins\export\ExportSql>,<br />
	string '
',<br />
	string 'db_export.php?db=cartumo&amp;amp;token=99412badcd48f4185982b383a4301e96',<br />
	string 'database',<br />
	boolean false,<br />
	boolean true,<br />
	boolean false,<br />
	boolean false,<br />
	array,<br />
	string '',<br />
)<br />
</div><div class="error"><strong>Warning</strong> in ./libraries/Header.php#530<br />
<img src="themes/dot.gif" title="" alt="" class="icon ic_s_error" /> Cannot modify header information - headers already sent by (output started at /usr/local/cpanel/base/3rdparty/phpMyAdmin/libraries/export.lib.php:169)<br />
<br />
<strong>Backtrace</strong><br />
<br />
./libraries/Header.php#530: header(string 'X-Frame-Options: DENY')<br />
./libraries/Header.php#389: PMA\libraries\Header->sendHttpHeaders()<br />
./libraries/Response.php#260: PMA\libraries\Header->getDisplay()<br />
./libraries/Response.php#273: PMA\libraries\Response->_getDisplay()<br />
./libraries/Response.php#432: PMA\libraries\Response->_htmlResponse()<br />
PMA\libraries\Response->response()<br />
</div><div class="error"><strong>Warning</strong> in ./libraries/Header.php#532<br />
<img src="themes/dot.gif" title="" alt="" class="icon ic_s_error" /> Cannot modify header information - headers already sent by (output started at /usr/local/cpanel/base/3rdparty/phpMyAdmin/libraries/export.lib.php:169)<br />
<br />
<strong>Backtrace</strong><br />
<br />
./libraries/Header.php#532: header(string 'Referrer-Policy: no-referrer')<br />
./libraries/Header.php#389: PMA\libraries\Header->sendHttpHeaders()<br />
./libraries/Response.php#260: PMA\libraries\Header->getDisplay()<br />
./libraries/Response.php#273: PMA\libraries\Response->_getDisplay()<br />
./libraries/Response.php#432: PMA\libraries\Response->_htmlResponse()<br />
PMA\libraries\Response->response()<br />
</div><div class="error"><strong>Warning</strong> in ./libraries/Header.php#550<br />
<img src="themes/dot.gif" title="" alt="" class="icon ic_s_error" /> Cannot modify header information - headers already sent by (output started at /usr/local/cpanel/base/3rdparty/phpMyAdmin/libraries/export.lib.php:169)<br />
<br />
<strong>Backtrace</strong><br />
<br />
./libraries/Header.php#550: header(string 'Content-Security-Policy: default-src \'self\' ;script-src \'self\' \'unsafe-inline\' \'unsafe-eval\' ;;style-src \'self\' \'unsafe-inline\' ;img-src \'self\' data:  *.tile.openstreetmap.org;')<br />
./libraries/Header.php#389: PMA\libraries\Header->sendHttpHeaders()<br />
./libraries/Response.php#260: PMA\libraries\Header->getDisplay()<br />
./libraries/Response.php#273: PMA\libraries\Response->_getDisplay()<br />
./libraries/Response.php#432: PMA\libraries\Response->_htmlResponse()<br />
PMA\libraries\Response->response()<br />
</div><div class="error"><strong>Warning</strong> in ./libraries/Header.php#562<br />
<img src="themes/dot.gif" title="" alt="" class="icon ic_s_error" /> Cannot modify header information - headers already sent by (output started at /usr/local/cpanel/base/3rdparty/phpMyAdmin/libraries/export.lib.php:169)<br />
<br />
<strong>Backtrace</strong><br />
<br />
./libraries/Header.php#562: header(string 'X-Content-Security-Policy: default-src \'self\' ;options inline-script eval-script;referrer no-referrer;img-src \'self\' data:  *.tile.openstreetmap.org;')<br />
./libraries/Header.php#389: PMA\libraries\Header->sendHttpHeaders()<br />
./libraries/Response.php#260: PMA\libraries\Header->getDisplay()<br />
./libraries/Response.php#273: PMA\libraries\Response->_getDisplay()<br />
./libraries/Response.php#432: PMA\libraries\Response->_htmlResponse()<br />
PMA\libraries\Response->response()<br />
</div><div class="error"><strong>Warning</strong> in ./libraries/Header.php#580<br />
<img src="themes/dot.gif" title="" alt="" class="icon ic_s_error" /> Cannot modify header information - headers already sent by (output started at /usr/local/cpanel/base/3rdparty/phpMyAdmin/libraries/export.lib.php:169)<br />
<br />
<strong>Backtrace</strong><br />
<br />
./libraries/Header.php#580: header(string 'X-WebKit-CSP: default-src \'self\' ;script-src \'self\'  \'unsafe-inline\' \'unsafe-eval\';referrer no-referrer;style-src \'self\' \'unsafe-inline\' ;img-src \'self\' data:  *.tile.openstreetmap.org;')<br />
./libraries/Header.php#389: PMA\libraries\Header->sendHttpHeaders()<br />
./libraries/Response.php#260: PMA\libraries\Header->getDisplay()<br />
./libraries/Response.php#273: PMA\libraries\Response->_getDisplay()<br />
./libraries/Response.php#432: PMA\libraries\Response->_htmlResponse()<br />
PMA\libraries\Response->response()<br />
</div><div class="error"><strong>Warning</strong> in ./libraries/Header.php#585<br />
<img src="themes/dot.gif" title="" alt="" class="icon ic_s_error" /> Cannot modify header information - headers already sent by (output started at /usr/local/cpanel/base/3rdparty/phpMyAdmin/libraries/export.lib.php:169)<br />
<br />
<strong>Backtrace</strong><br />
<br />
./libraries/Header.php#585: header(string 'X-XSS-Protection: 1; mode=block')<br />
./libraries/Header.php#389: PMA\libraries\Header->sendHttpHeaders()<br />
./libraries/Response.php#260: PMA\libraries\Header->getDisplay()<br />
./libraries/Response.php#273: PMA\libraries\Response->_getDisplay()<br />
./libraries/Response.php#432: PMA\libraries\Response->_htmlResponse()<br />
PMA\libraries\Response->response()<br />
</div><div class="error"><strong>Warning</strong> in ./libraries/Header.php#591<br />
<img src="themes/dot.gif" title="" alt="" class="icon ic_s_error" /> Cannot modify header information - headers already sent by (output started at /usr/local/cpanel/base/3rdparty/phpMyAdmin/libraries/export.lib.php:169)<br />
<br />
<strong>Backtrace</strong><br />
<br />
./libraries/Header.php#591: header(string 'X-Content-Type-Options: nosniff')<br />
./libraries/Header.php#389: PMA\libraries\Header->sendHttpHeaders()<br />
./libraries/Response.php#260: PMA\libraries\Header->getDisplay()<br />
./libraries/Response.php#273: PMA\libraries\Response->_getDisplay()<br />
./libraries/Response.php#432: PMA\libraries\Response->_htmlResponse()<br />
PMA\libraries\Response->response()<br />
</div><div class="error"><strong>Warning</strong> in ./libraries/Header.php#596<br />
<img src="themes/dot.gif" title="" alt="" class="icon ic_s_error" /> Cannot modify header information - headers already sent by (output started at /usr/local/cpanel/base/3rdparty/phpMyAdmin/libraries/export.lib.php:169)<br />
<br />
<strong>Backtrace</strong><br />
<br />
./libraries/Header.php#596: header(string 'X-Permitted-Cross-Domain-Policies: none')<br />
./libraries/Header.php#389: PMA\libraries\Header->sendHttpHeaders()<br />
./libraries/Response.php#260: PMA\libraries\Header->getDisplay()<br />
./libraries/Response.php#273: PMA\libraries\Response->_getDisplay()<br />
./libraries/Response.php#432: PMA\libraries\Response->_htmlResponse()<br />
PMA\libraries\Response->response()<br />
</div><div class="error"><strong>Warning</strong> in ./libraries/Header.php#601<br />
<img src="themes/dot.gif" title="" alt="" class="icon ic_s_error" /> Cannot modify header information - headers already sent by (output started at /usr/local/cpanel/base/3rdparty/phpMyAdmin/libraries/export.lib.php:169)<br />
<br />
<strong>Backtrace</strong><br />
<br />
./libraries/Header.php#601: header(string 'X-Robots-Tag: noindex, nofollow')<br />
./libraries/Header.php#389: PMA\libraries\Header->sendHttpHeaders()<br />
./libraries/Response.php#260: PMA\libraries\Header->getDisplay()<br />
./libraries/Response.php#273: PMA\libraries\Response->_getDisplay()<br />
./libraries/Response.php#432: PMA\libraries\Response->_htmlResponse()<br />
PMA\libraries\Response->response()<br />
</div><div class="error"><strong>Warning</strong> in ./libraries/core.lib.php#535<br />
<img src="themes/dot.gif" title="" alt="" class="icon ic_s_error" /> Cannot modify header information - headers already sent by (output started at /usr/local/cpanel/base/3rdparty/phpMyAdmin/libraries/export.lib.php:169)<br />
<br />
<strong>Backtrace</strong><br />
<br />
./libraries/core.lib.php#535: header(string 'Expires: Tue, 11 Sep 2018 18:29:18 +0000')<br />
./libraries/Header.php#602: PMA_noCacheHeader()<br />
./libraries/Header.php#389: PMA\libraries\Header->sendHttpHeaders()<br />
./libraries/Response.php#260: PMA\libraries\Header->getDisplay()<br />
./libraries/Response.php#273: PMA\libraries\Response->_getDisplay()<br />
./libraries/Response.php#432: PMA\libraries\Response->_htmlResponse()<br />
PMA\libraries\Response->response()<br />
</div><div class="error"><strong>Warning</strong> in ./libraries/core.lib.php#540<br />
<img src="themes/dot.gif" title="" alt="" class="icon ic_s_error" /> Cannot modify header information - headers already sent by (output started at /usr/local/cpanel/base/3rdparty/phpMyAdmin/libraries/export.lib.php:169)<br />
<br />
<strong>Backtrace</strong><br />
<br />
./libraries/core.lib.php#540: header(string 'Cache-Control: no-store, no-cache, must-revalidate,  pre-check=0, post-check=0, max-age=0')<br />
./libraries/Header.php#602: PMA_noCacheHeader()<br />
./libraries/Header.php#389: PMA\libraries\Header->sendHttpHeaders()<br />
./libraries/Response.php#260: PMA\libraries\Header->getDisplay()<br />
./libraries/Response.php#273: PMA\libraries\Response->_getDisplay()<br />
./libraries/Response.php#432: PMA\libraries\Response->_htmlResponse()<br />
PMA\libraries\Response->response()<br />
</div><div class="error"><strong>Warning</strong> in ./libraries/core.lib.php#542<br />
<img src="themes/dot.gif" title="" alt="" class="icon ic_s_error" /> Cannot modify header information - headers already sent by (output started at /usr/local/cpanel/base/3rdparty/phpMyAdmin/libraries/export.lib.php:169)<br />
<br />
<strong>Backtrace</strong><br />
<br />
./libraries/core.lib.php#542: header(string 'Pragma: no-cache')<br />
./libraries/Header.php#602: PMA_noCacheHeader()<br />
./libraries/Header.php#389: PMA\libraries\Header->sendHttpHeaders()<br />
./libraries/Response.php#260: PMA\libraries\Header->getDisplay()<br />
./libraries/Response.php#273: PMA\libraries\Response->_getDisplay()<br />
./libraries/Response.php#432: PMA\libraries\Response->_htmlResponse()<br />
PMA\libraries\Response->response()<br />
</div><div class="error"><strong>Warning</strong> in ./libraries/core.lib.php#546<br />
<img src="themes/dot.gif" title="" alt="" class="icon ic_s_error" /> Cannot modify header information - headers already sent by (output started at /usr/local/cpanel/base/3rdparty/phpMyAdmin/libraries/export.lib.php:169)<br />
<br />
<strong>Backtrace</strong><br />
<br />
./libraries/core.lib.php#546: header(string 'Last-Modified: Tue, 11 Sep 2018 18:29:18 +0000')<br />
./libraries/Header.php#602: PMA_noCacheHeader()<br />
./libraries/Header.php#389: PMA\libraries\Header->sendHttpHeaders()<br />
./libraries/Response.php#260: PMA\libraries\Header->getDisplay()<br />
./libraries/Response.php#273: PMA\libraries\Response->_getDisplay()<br />
./libraries/Response.php#432: PMA\libraries\Response->_htmlResponse()<br />
PMA\libraries\Response->response()<br />
</div><div class="error"><strong>Warning</strong> in ./libraries/Header.php#605<br />
<img src="themes/dot.gif" title="" alt="" class="icon ic_s_error" /> Cannot modify header information - headers already sent by (output started at /usr/local/cpanel/base/3rdparty/phpMyAdmin/libraries/export.lib.php:169)<br />
<br />
<strong>Backtrace</strong><br />
<br />
./libraries/Header.php#605: header(string 'Content-Type: text/html; charset=utf-8')<br />
./libraries/Header.php#389: PMA\libraries\Header->sendHttpHeaders()<br />
./libraries/Response.php#260: PMA\libraries\Header->getDisplay()<br />
./libraries/Response.php#273: PMA\libraries\Response->_getDisplay()<br />
./libraries/Response.php#432: PMA\libraries\Response->_htmlResponse()<br />
PMA\libraries\Response->response()<br />
</div><form method="post" action="error_report.php" id="pma_report_errors_form"><input type="hidden" name="token" value="99412badcd48f4185982b383a4301e96"/><input type="hidden" name="exception_type" value="php"/><input type="hidden" name="send_error_report" value="1" /><input type="submit" value="Report" id="pma_report_errors" class="floatright"><input type="checkbox" name="always_send" id="always_send_checkbox" value="true"/><label for="always_send_checkbox">Automatically send report next time</label><input type="submit" value="Ignore" id="pma_ignore_errors_bottom" class="floatright"><input type="submit" value="Ignore All" id="pma_ignore_all_errors_bottom" class="floatright"></form></div><script data-cfasync="false" type="text/javascript">// <![CDATA[
var debugSQLInfo = 'null';
PMA_ajaxShowMessage(PMA_messages["phpErrorsFound"]);$("#pma_ignore_errors_popup").bind("click", function() {
                            PMA_ignorePhpErrors()
                        });$("#pma_ignore_all_errors_popup").bind("click",
                            function() {
                                PMA_ignorePhpErrors(false)
                            });$("#pma_ignore_errors_bottom").bind("click", function(e) {
                            e.preventDefaulut();
                            PMA_ignorePhpErrors()
                        });$("#pma_ignore_all_errors_bottom").bind("click",
                            function(e) {
                                e.preventDefault();
                                PMA_ignorePhpErrors(false)
                            });$("html, body").animate({
                            scrollTop:$(document).height()
                        }, "slow");
AJAX.scriptHandler;
$(function() {});
// ]]></script></body></html>